client,me,girlBoss,bugBoy,jiusus,chimu,shirleyWhirley,yuppie,dumbestKid,emily,other
me,,"AMyo5r0bqKrn85BlOlBzMmFR0QHyXYkgAReOE_OCrfxpOuiKHr2aERA_IU-t2yy7kWv-LD3bNtTN,AMyo5r3CX8pUXXEo6OaQ4V6EHzUSRAW0DinriOYhHt8-r_Ux_rDcPtmTtBDUPc7PZ0SdoEFJmqTp,AMyo5r20t6UlFkdekG85UjykyQQ2FybGOOgOmNvQCeQAGLdjLhgN0Ex7rxsM7h0mFHCkzy6R10_Y,AMyo5r1u3vUqLQXYaJmasXv4cNy6hN9yI6DX9yuzbJkRq36ogNQSHtfin32csatyto6JahPXlFxI,AMyo5r1BPa-OnkJcbDnbEs6mzWwjjbrtGS66DTa5xfNZe-aL66qQR8h-AN0kj4scBZbkDUozfaDw","AMyo5r20t6UlFkdekG85UjykyQQ2FybGOOgOmNvQCeQAGLdjLhgN0Ex7rxsM7h0mFHCkzy6R10_Y,AMyo5r1fO1OL72D4JyKbGFNF8eEN-ox6_nmRdP0-gg8Zv0gFhnU8GT32-EA0v0n0buv1c6qUY1ay,AMyo5r1BPa-OnkJcbDnbEs6mzWwjjbrtGS66DTa5xfNZe-aL66qQR8h-AN0kj4scBZbkDUozfaDw,AMyo5r1E2BT_1jKMZXEAcV3zn4PQouetLw13G5QL5tsaMAhyvdJMNltS4ChSJgey7ID4Z6Ej08r_,AMyo5r3CX8pUXXEo6OaQ4V6EHzUSRAW0DinriOYhHt8-r_Ux_rDcPtmTtBDUPc7PZ0SdoEFJmqTp,AMyo5r0FIRefDwoKGzan8jHDdTt_5ZosUcwvBI4JLYPrQaRY2okpD83DHvs3P-KC9Qtdz4d6yuuO,AMyo5r3CX8pUXXEo6OaQ4V6EHzUSRAW0DinriOYhHt8-r_Ux_rDcPtmTtBDUPc7PZ0SdoEFJmqTp","AMyo5r2zznTRrybKvwcfGX9MLX2HcmpoFmG-wQiIRfaDIvm4N5r5285PoMCIDYoWH253897eFnwX,AMyo5r396-K_wLDlXiLGdDI8PlEgP53DkgOyOqNaiETfnTkT0s7BzHKFt-Y4pmejweStlWgsk8bf,AMyo5r3gdFAdUDW9lk_SiVKFkzGVIURWKVi451ymO5ZChRBMu4HLZj9DNAHg-7wgDM14_pPJQS6z,AMyo5r1BPa-OnkJcbDnbEs6mzWwjjbrtGS66DTa5xfNZe-aL66qQR8h-AN0kj4scBZbkDUozfaDw,AMyo5r1u3vUqLQXYaJmasXv4cNy6hN9yI6DX9yuzbJkRq36ogNQSHtfin32csatyto6JahPXlFxI,AMyo5r2SvfKMQvqXjcO_lidIYmLAIysazQwoGOKkjuRtiJXbVLs5BiXVv_44OY4Fns6pXmGuDEQE,AMyo5r20t6UlFkdekG85UjykyQQ2FybGOOgOmNvQCeQAGLdjLhgN0Ex7rxsM7h0mFHCkzy6R10_Y,AMyo5r3gaAM2KxEFOqA9jyNG_vbByeRYhGyKmqGL76W0pra9FOCufXQvDyIsGkVtV642_fdEvqAp",AMyo5r3CX8pUXXEo6OaQ4V6EHzUSRAW0DinriOYhHt8-r_Ux_rDcPtmTtBDUPc7PZ0SdoEFJmqTp,"AMyo5r0zXjCp05_v-_VMyqfoUfQ8lqXNZg8gu7h2mz_uUedWhfnwZniWLANcn6anmZZrhal-OUjc,AMyo5r1fO1OL72D4JyKbGFNF8eEN-ox6_nmRdP0-gg8Zv0gFhnU8GT32-EA0v0n0buv1c6qUY1ay,AMyo5r0FIRefDwoKGzan8jHDdTt_5ZosUcwvBI4JLYPrQaRY2okpD83DHvs3P-KC9Qtdz4d6yuuO,AMyo5r1u3vUqLQXYaJmasXv4cNy6hN9yI6DX9yuzbJkRq36ogNQSHtfin32csatyto6JahPXlFxI,AMyo5r1yDBovA4FLLv58Wbk5TFFJR8zKwNGcZW0PB0liVZ-6-IWFmlHuvJsLt5ZD61e41vjplKK5,AMyo5r20t6UlFkdekG85UjykyQQ2FybGOOgOmNvQCeQAGLdjLhgN0Ex7rxsM7h0mFHCkzy6R10_Y,AMyo5r1E2BT_1jKMZXEAcV3zn4PQouetLw13G5QL5tsaMAhyvdJMNltS4ChSJgey7ID4Z6Ej08r_,AMyo5r2jmYLqeiJi0D3zgPmjF2PRLjsaCJII0quBneXSpTB5ReK6yx69RKs9hNn-4Q5XIxE1Ef7J,AMyo5r0H29b656QQyqntrLRA695ykLVY1kPc7G5NvXmUxZND_p2sUeCeCUkNXwZsE1rQ5pup8iTV,AMyo5r1BPa-OnkJcbDnbEs6mzWwjjbrtGS66DTa5xfNZe-aL66qQR8h-AN0kj4scBZbkDUozfaDw",,"AMyo5r1u3vUqLQXYaJmasXv4cNy6hN9yI6DX9yuzbJkRq36ogNQSHtfin32csatyto6JahPXlFxI,AMyo5r1BPa-OnkJcbDnbEs6mzWwjjbrtGS66DTa5xfNZe-aL66qQR8h-AN0kj4scBZbkDUozfaDw,AMyo5r3EwMrDM8rG86X5Z2tkTaCHIzGQgAL-FjyjpDyq-mo2PWibOMTJKrTPU2-nZARs_tCMhWXM,AMyo5r20t6UlFkdekG85UjykyQQ2FybGOOgOmNvQCeQAGLdjLhgN0Ex7rxsM7h0mFHCkzy6R10_Y",,
girlBoss,"AMyo5r1BPa-OnkJcbDnbEs6mzWwjjbrtGS66DTa5xfNZe-aL66qQR8h-AN0kj4scBZbkDUozfaDw,AMyo5r1u3vUqLQXYaJmasXv4cNy6hN9yI6DX9yuzbJkRq36ogNQSHtfin32csatyto6JahPXlFxI,AMyo5r20t6UlFkdekG85UjykyQQ2FybGOOgOmNvQCeQAGLdjLhgN0Ex7rxsM7h0mFHCkzy6R10_Y,AMyo5r0bqKrn85BlOlBzMmFR0QHyXYkgAReOE_OCrfxpOuiKHr2aERA_IU-t2yy7kWv-LD3bNtTN,AMyo5r3CX8pUXXEo6OaQ4V6EHzUSRAW0DinriOYhHt8-r_Ux_rDcPtmTtBDUPc7PZ0SdoEFJmqTp","AMyo5r3oy-1ID3msj2_-wLioNM8D2yW5oeM-KEi10J_t8P15I3bHEMln0UceckAeqDMM2U45nozj,AMyo5r3oy-1ID3msj2_-wLioNM8D2yW5oeM-KEi10J_t8P15I3bHEMln0UceckAeqDMM2U45nozj","AMyo5r1BPa-OnkJcbDnbEs6mzWwjjbrtGS66DTa5xfNZe-aL66qQR8h-AN0kj4scBZbkDUozfaDw,AMyo5r1atcDHDQ_z7EUqCrWT4ltJHO-2gQ66OofzfrlJMJumnkq4xYio56tgbapHcA5D4FdTNGlCOUc_bU0YatSOL4HawKlpLg,AMyo5r0xkPRLmhy6z_C1fAkDUCI3SoWXawBpIo6zAY_hnTuWn0JnTByq-KsxORQ_hDVjY7b3Qxbe,AMyo5r3CvGZWkxV46R62OzHr7i0-wDf1fF8S8eB17CRVUvHDgtCHmk1z-cwMPB2uPkYhLwjN44R1,AMyo5r0eyX8Ubk9APjlCoLkcH3-k4MTWSAt2GyIDGii6xUf0mvPcYPz1D-RcjZqTpr2of861FkVD,AMyo5r3CX8pUXXEo6OaQ4V6EHzUSRAW0DinriOYhHt8-r_Ux_rDcPtmTtBDUPc7PZ0SdoEFJmqTp,AMyo5r20t6UlFkdekG85UjykyQQ2FybGOOgOmNvQCeQAGLdjLhgN0Ex7rxsM7h0mFHCkzy6R10_Y,AMyo5r3vnwPGld0iJ_jLnsSYOMGsyQGmJYz8AO1J59vQ4JkFwgA3nmoims2HF3G6PB8FsZvyPpQR,AMyo5r0pf_u3oTFOofrocgZYTLaVacc5Kxxkhc8sixssobIv6qH00SMsGX1Jo0sx3IPaGc1pPCo0,AMyo5r2mutoRyLV_4RrcSaTHxKhKqCs5qws5XUShWkqHDQMexgBlrxtYedTpoqBCo4M8tdxoxICxTNVjWAQL0NI8IIRWWJMUoQ,AMyo5r3vnwPGld0iJ_jLnsSYOMGsyQGmJYz8AO1J59vQ4JkFwgA3nmoims2HF3G6PB8FsZvyPpQR,AMyo5r3CX8pUXXEo6OaQ4V6EHzUSRAW0DinriOYhHt8-r_Ux_rDcPtmTtBDUPc7PZ0SdoEFJmqTp","AMyo5r1u3vUqLQXYaJmasXv4cNy6hN9yI6DX9yuzbJkRq36ogNQSHtfin32csatyto6JahPXlFxI,AMyo5r05_Zb_AcLp2LN_U_ZccvU3JrJvBLTO4crbPFj8ClVzyDQq0rl3f1q-wwn8t6vcldsnTfcN,AMyo5r0xkPRLmhy6z_C1fAkDUCI3SoWXawBpIo6zAY_hnTuWn0JnTByq-KsxORQ_hDVjY7b3Qxbe,AMyo5r1p3W2ISEGM0KO9ysxzrLLowa3chXHfFwadxajVVnqXep9zjv8fZLK_TbZZ-fvpMVWuZxbl,AMyo5r20t6UlFkdekG85UjykyQQ2FybGOOgOmNvQCeQAGLdjLhgN0Ex7rxsM7h0mFHCkzy6R10_Y,AMyo5r33IDvIp_EttHoKBvoE6XOd9YOflOl6iGoQFEMyNgBpskG_GiA9BQzpkAhoTFj70LmZIOPO,AMyo5r2kzxgnOUdazzKji11M2oU-TIqAfyTJdvSr9RlAfzWeRxigEB0fA75LnksXToROFR0AZxxU,AMyo5r2mutoRyLV_4RrcSaTHxKhKqCs5qws5XUShWkqHDQMexgBlrxtYedTpoqBCo4M8tdxoxICxTNVjWAQL0NI8IIRWWJMUoQ,AMyo5r0rei2-lhyZTfR1I94hYbEl3xipEVYPjlBRmwZhuypaWh2QvAA-fVnL5HkU4lw_6eZ2QCRE,AMyo5r1AZCZs3IuEFkno6qcW9lPjGoyutP6fJokT8mZT25iNVN7IQpbWKjuaLoaKn93NIV4crSSy,AMyo5r0eyX8Ubk9APjlCoLkcH3-k4MTWSAt2GyIDGii6xUf0mvPcYPz1D-RcjZqTpr2of861FkVD,AMyo5r1BPa-OnkJcbDnbEs6mzWwjjbrtGS66DTa5xfNZe-aL66qQR8h-AN0kj4scBZbkDUozfaDw,AMyo5r1atcDHDQ_z7EUqCrWT4ltJHO-2gQ66OofzfrlJMJumnkq4xYio56tgbapHcA5D4FdTNGlCOUc_bU0YatSOL4HawKlpLg,AMyo5r2zL0SE7L9XFfgo83Qy25Qt58dKgOL0zEJpr_NqEs7u2eUoi2GwiInVt4V2ihryLqLA1zJj","AMyo5r3CX8pUXXEo6OaQ4V6EHzUSRAW0DinriOYhHt8-r_Ux_rDcPtmTtBDUPc7PZ0SdoEFJmqTp,AMyo5r05_Zb_AcLp2LN_U_ZccvU3JrJvBLTO4crbPFj8ClVzyDQq0rl3f1q-wwn8t6vcldsnTfcN,AMyo5r1qxT0DRNtMDT7jqIQq98rCpnmGSYD3UOwbmu_irzRGLkq1GMY_89V00Lw1dgdRVTrDsfEu,AMyo5r1qxT0DRNtMDT7jqIQq98rCpnmGSYD3UOwbmu_irzRGLkq1GMY_89V00Lw1dgdRVTrDsfEu,AMyo5r2kzxgnOUdazzKji11M2oU-TIqAfyTJdvSr9RlAfzWeRxigEB0fA75LnksXToROFR0AZxxU,AMyo5r3CvGZWkxV46R62OzHr7i0-wDf1fF8S8eB17CRVUvHDgtCHmk1z-cwMPB2uPkYhLwjN44R1,AMyo5r2zL0SE7L9XFfgo83Qy25Qt58dKgOL0zEJpr_NqEs7u2eUoi2GwiInVt4V2ihryLqLA1zJj","AMyo5r3CvGZWkxV46R62OzHr7i0-wDf1fF8S8eB17CRVUvHDgtCHmk1z-cwMPB2uPkYhLwjN44R1,AMyo5r2mutoRyLV_4RrcSaTHxKhKqCs5qws5XUShWkqHDQMexgBlrxtYedTpoqBCo4M8tdxoxICxTNVjWAQL0NI8IIRWWJMUoQ,AMyo5r20t6UlFkdekG85UjykyQQ2FybGOOgOmNvQCeQAGLdjLhgN0Ex7rxsM7h0mFHCkzy6R10_Y,AMyo5r1atcDHDQ_z7EUqCrWT4ltJHO-2gQ66OofzfrlJMJumnkq4xYio56tgbapHcA5D4FdTNGlCOUc_bU0YatSOL4HawKlpLg,AMyo5r1BPa-OnkJcbDnbEs6mzWwjjbrtGS66DTa5xfNZe-aL66qQR8h-AN0kj4scBZbkDUozfaDw,AMyo5r0xkPRLmhy6z_C1fAkDUCI3SoWXawBpIo6zAY_hnTuWn0JnTByq-KsxORQ_hDVjY7b3Qxbe,AMyo5r33IDvIp_EttHoKBvoE6XOd9YOflOl6iGoQFEMyNgBpskG_GiA9BQzpkAhoTFj70LmZIOPO,AMyo5r2dMFLz1m1H1brREsru_s4ekLijiK_XfXTOR4lIr7SEz48Rt4J4G-lDHHNWQv8a2qu9OHUX,AMyo5r1u3vUqLQXYaJmasXv4cNy6hN9yI6DX9yuzbJkRq36ogNQSHtfin32csatyto6JahPXlFxI","AMyo5r08X_fxVl_o7YHAE4aicQSgwXXX8NZj2EB75jMphf4SfrSCa9Vpv9PPwZhqWqnwfVWyZcZk,AMyo5r2SoM77_jizcqKeqp41hSG78LKlbwoQvObITfHzITazx61ko2t0qHee8Zc_RwzrhVXAUobJ","AMyo5r1chVNEMn83UkeG2mDiUYWzaP0RCGvxe91RIhB_cK3orPVANrc8vLpwA3NQPyhDEdqPuUgK,AMyo5r08X_fxVl_o7YHAE4aicQSgwXXX8NZj2EB75jMphf4SfrSCa9Vpv9PPwZhqWqnwfVWyZcZk,AMyo5r05FPmDPpgkWWylPJr6ufDnWMliXXeShmE3IDQ2Opnqp2ht9lEUsmi8phaqvDv7wHIetCbn,AMyo5r20t6UlFkdekG85UjykyQQ2FybGOOgOmNvQCeQAGLdjLhgN0Ex7rxsM7h0mFHCkzy6R10_Y,AMyo5r3Gn6OoDDACDz7vc7MGMSl_OKjvkFL3oF6ICmPSWmcGy40HpH35pBYgDOTnvw3z86WE1_7m,AMyo5r2mutoRyLV_4RrcSaTHxKhKqCs5qws5XUShWkqHDQMexgBlrxtYedTpoqBCo4M8tdxoxICxTNVjWAQL0NI8IIRWWJMUoQ,AMyo5r1BPa-OnkJcbDnbEs6mzWwjjbrtGS66DTa5xfNZe-aL66qQR8h-AN0kj4scBZbkDUozfaDw,AMyo5r1u3vUqLQXYaJmasXv4cNy6hN9yI6DX9yuzbJkRq36ogNQSHtfin32csatyto6JahPXlFxI,AMyo5r1atcDHDQ_z7EUqCrWT4ltJHO-2gQ66OofzfrlJMJumnkq4xYio56tgbapHcA5D4FdTNGlCOUc_bU0YatSOL4HawKlpLg,AMyo5r3_G6JbRCf7p7gB7ypQ0jekRX5AuWudrUROd6Qa50nfBVV0MvXxKIREOxM_rfkXWAeUvcku",,AMyo5r0xkPRLmhy6z_C1fAkDUCI3SoWXawBpIo6zAY_hnTuWn0JnTByq-KsxORQ_hDVjY7b3Qxbe
bugBoy,"AMyo5r0FIRefDwoKGzan8jHDdTt_5ZosUcwvBI4JLYPrQaRY2okpD83DHvs3P-KC9Qtdz4d6yuuO,AMyo5r1fO1OL72D4JyKbGFNF8eEN-ox6_nmRdP0-gg8Zv0gFhnU8GT32-EA0v0n0buv1c6qUY1ay,AMyo5r3CX8pUXXEo6OaQ4V6EHzUSRAW0DinriOYhHt8-r_Ux_rDcPtmTtBDUPc7PZ0SdoEFJmqTp,AMyo5r20t6UlFkdekG85UjykyQQ2FybGOOgOmNvQCeQAGLdjLhgN0Ex7rxsM7h0mFHCkzy6R10_Y,AMyo5r3CX8pUXXEo6OaQ4V6EHzUSRAW0DinriOYhHt8-r_Ux_rDcPtmTtBDUPc7PZ0SdoEFJmqTp,AMyo5r1BPa-OnkJcbDnbEs6mzWwjjbrtGS66DTa5xfNZe-aL66qQR8h-AN0kj4scBZbkDUozfaDw,AMyo5r1E2BT_1jKMZXEAcV3zn4PQouetLw13G5QL5tsaMAhyvdJMNltS4ChSJgey7ID4Z6Ej08r_","AMyo5r1atcDHDQ_z7EUqCrWT4ltJHO-2gQ66OofzfrlJMJumnkq4xYio56tgbapHcA5D4FdTNGlCOUc_bU0YatSOL4HawKlpLg,AMyo5r3CX8pUXXEo6OaQ4V6EHzUSRAW0DinriOYhHt8-r_Ux_rDcPtmTtBDUPc7PZ0SdoEFJmqTp,AMyo5r3vnwPGld0iJ_jLnsSYOMGsyQGmJYz8AO1J59vQ4JkFwgA3nmoims2HF3G6PB8FsZvyPpQR,AMyo5r3CX8pUXXEo6OaQ4V6EHzUSRAW0DinriOYhHt8-r_Ux_rDcPtmTtBDUPc7PZ0SdoEFJmqTp,AMyo5r2mutoRyLV_4RrcSaTHxKhKqCs5qws5XUShWkqHDQMexgBlrxtYedTpoqBCo4M8tdxoxICxTNVjWAQL0NI8IIRWWJMUoQ,AMyo5r1BPa-OnkJcbDnbEs6mzWwjjbrtGS66DTa5xfNZe-aL66qQR8h-AN0kj4scBZbkDUozfaDw,AMyo5r0pf_u3oTFOofrocgZYTLaVacc5Kxxkhc8sixssobIv6qH00SMsGX1Jo0sx3IPaGc1pPCo0,AMyo5r3CvGZWkxV46R62OzHr7i0-wDf1fF8S8eB17CRVUvHDgtCHmk1z-cwMPB2uPkYhLwjN44R1,AMyo5r20t6UlFkdekG85UjykyQQ2FybGOOgOmNvQCeQAGLdjLhgN0Ex7rxsM7h0mFHCkzy6R10_Y,AMyo5r0eyX8Ubk9APjlCoLkcH3-k4MTWSAt2GyIDGii6xUf0mvPcYPz1D-RcjZqTpr2of861FkVD,AMyo5r0xkPRLmhy6z_C1fAkDUCI3SoWXawBpIo6zAY_hnTuWn0JnTByq-KsxORQ_hDVjY7b3Qxbe,AMyo5r3vnwPGld0iJ_jLnsSYOMGsyQGmJYz8AO1J59vQ4JkFwgA3nmoims2HF3G6PB8FsZvyPpQR","AMyo5r16YYFNq2zJrTWNkRc80eJJpGIew2DQnN4IqsWoRDHQc2dyXhISObe0ZEjPMVXjlM-Ai_Q-,AMyo5r16YYFNq2zJrTWNkRc80eJJpGIew2DQnN4IqsWoRDHQc2dyXhISObe0ZEjPMVXjlM-Ai_Q-,AMyo5r3vnwPGld0iJ_jLnsSYOMGsyQGmJYz8AO1J59vQ4JkFwgA3nmoims2HF3G6PB8FsZvyPpQR,AMyo5r3vnwPGld0iJ_jLnsSYOMGsyQGmJYz8AO1J59vQ4JkFwgA3nmoims2HF3G6PB8FsZvyPpQR,AMyo5r3CX8pUXXEo6OaQ4V6EHzUSRAW0DinriOYhHt8-r_Ux_rDcPtmTtBDUPc7PZ0SdoEFJmqTp,AMyo5r3CX8pUXXEo6OaQ4V6EHzUSRAW0DinriOYhHt8-r_Ux_rDcPtmTtBDUPc7PZ0SdoEFJmqTp","AMyo5r0K9QEhmC1o-OvZsVIkhZfe4K8Pr8L4cbhF5mN0mrtrnl2WzaIEt97cJBp6ALvh9fOPWcqt,AMyo5r2mutoRyLV_4RrcSaTHxKhKqCs5qws5XUShWkqHDQMexgBlrxtYedTpoqBCo4M8tdxoxICxTNVjWAQL0NI8IIRWWJMUoQ,AMyo5r2FrC_1s04SDdvbqrgC2ilc0ghxlacBO-fWt9ZMS553CulqxdGOv4UYuLfkc9I2tWdcC7Jb,AMyo5r1BPa-OnkJcbDnbEs6mzWwjjbrtGS66DTa5xfNZe-aL66qQR8h-AN0kj4scBZbkDUozfaDw,AMyo5r1R-fTVF7wkEwzylGNJEZHaPX5adj2a3jmT7JdR1tXHfnTRSmQ6ttq0QPPHGhQcVJUGIj2l,AMyo5r0eyX8Ubk9APjlCoLkcH3-k4MTWSAt2GyIDGii6xUf0mvPcYPz1D-RcjZqTpr2of861FkVD,AMyo5r2kCyoPNzCwQAkb12UVvPXZhm19UCCQPRBGVCvmMC5KJZaWspjR3Mi66hujRtQrLmCwLAVF,AMyo5r0xkPRLmhy6z_C1fAkDUCI3SoWXawBpIo6zAY_hnTuWn0JnTByq-KsxORQ_hDVjY7b3Qxbe,AMyo5r31whXZnM1A9uJHP1H_oFeGvjXWaUGiuCEUspSqoOYHDOo7E-o8mu5nXfbis40w8UZ61aqO,AMyo5r1atcDHDQ_z7EUqCrWT4ltJHO-2gQ66OofzfrlJMJumnkq4xYio56tgbapHcA5D4FdTNGlCOUc_bU0YatSOL4HawKlpLg,AMyo5r35aqudhg_GpkeVJf_2axS9x3fkaA4khFeXyJMkBe3HiXsk15UY789K5V31xXFgcBFpYs50,AMyo5r1zL9sKU0ovR6fKcK2DtpDH30z2GOx-EkyWy1ep52AaFGlRU-JYztpAKeCNbmilQ0megBLM,AMyo5r20t6UlFkdekG85UjykyQQ2FybGOOgOmNvQCeQAGLdjLhgN0Ex7rxsM7h0mFHCkzy6R10_Y,AMyo5r3Mu6xAbztkZMBDO0o06d5umlZpGa1nqO20-5GnXqLUbwXBn2No5D0vbP7uo1vHfoHF3NXE,AMyo5r29CB27MS-G7QOfJgQB1JX5uIWGBqQqcH_rGnevAGGqyBcHutNyEBEN1Zn9HxOsIHS98UKZ","AMyo5r3CX8pUXXEo6OaQ4V6EHzUSRAW0DinriOYhHt8-r_Ux_rDcPtmTtBDUPc7PZ0SdoEFJmqTp,AMyo5r3CvGZWkxV46R62OzHr7i0-wDf1fF8S8eB17CRVUvHDgtCHmk1z-cwMPB2uPkYhLwjN44R1,AMyo5r2yEk1U93jYqJKj37f053C4JD6DOfYA5BG5W52z8aqVLB9y5Qf7-0NT3pol1FgXDCFxbk54,AMyo5r31whXZnM1A9uJHP1H_oFeGvjXWaUGiuCEUspSqoOYHDOo7E-o8mu5nXfbis40w8UZ61aqO,AMyo5r35aqudhg_GpkeVJf_2axS9x3fkaA4khFeXyJMkBe3HiXsk15UY789K5V31xXFgcBFpYs50,AMyo5r2yEk1U93jYqJKj37f053C4JD6DOfYA5BG5W52z8aqVLB9y5Qf7-0NT3pol1FgXDCFxbk54,AMyo5r16YYFNq2zJrTWNkRc80eJJpGIew2DQnN4IqsWoRDHQc2dyXhISObe0ZEjPMVXjlM-Ai_Q-,AMyo5r16YYFNq2zJrTWNkRc80eJJpGIew2DQnN4IqsWoRDHQc2dyXhISObe0ZEjPMVXjlM-Ai_Q-,AMyo5r3CX8pUXXEo6OaQ4V6EHzUSRAW0DinriOYhHt8-r_Ux_rDcPtmTtBDUPc7PZ0SdoEFJmqTp","AMyo5r3CvGZWkxV46R62OzHr7i0-wDf1fF8S8eB17CRVUvHDgtCHmk1z-cwMPB2uPkYhLwjN44R1,AMyo5r1fO1OL72D4JyKbGFNF8eEN-ox6_nmRdP0-gg8Zv0gFhnU8GT32-EA0v0n0buv1c6qUY1ay,AMyo5r0FIRefDwoKGzan8jHDdTt_5ZosUcwvBI4JLYPrQaRY2okpD83DHvs3P-KC9Qtdz4d6yuuO,AMyo5r1a-L1o0luNiNLgnEsmuwKJj_7I0e_lPOAEep_btQjQoc8gzbuAi7ONvHyW6FH5loEMkT6v,AMyo5r1atcDHDQ_z7EUqCrWT4ltJHO-2gQ66OofzfrlJMJumnkq4xYio56tgbapHcA5D4FdTNGlCOUc_bU0YatSOL4HawKlpLg,AMyo5r2hhoJc-0-tQtX90Pj8-52mzVOdWfPYkmKEJUPpUNgna6oLguqiOiCQH22l8uorGdPSqnTj,AMyo5r1BPa-OnkJcbDnbEs6mzWwjjbrtGS66DTa5xfNZe-aL66qQR8h-AN0kj4scBZbkDUozfaDw,AMyo5r2mutoRyLV_4RrcSaTHxKhKqCs5qws5XUShWkqHDQMexgBlrxtYedTpoqBCo4M8tdxoxICxTNVjWAQL0NI8IIRWWJMUoQ,AMyo5r0XOAQg0oNo2lw0j1eXSLn7Z_8aDG0Aw-JSIW3Yba-KYJA0xZ09ZK3WyZyXY_V0672I7vYi,AMyo5r0AcamQzee_1RZmBxBe6pdhDegNeuzdMXDK9hrWDHbm8GhPTKZ33gjPMXMZFbI6Zs8rHBvn,AMyo5r0kihOnGzH-Z97F72scQMKMoAnyl__wlr6OPZKL6EbNkGp3xakW_stvjgS9u7wxJJx7pzSQ,AMyo5r0-bInba6KsasAWdOCE48ck-6HrBTu3beSe0rZxQgq4FFdTrsQlGoGCJS_xg8kPXycU7xOm,AMyo5r0xkPRLmhy6z_C1fAkDUCI3SoWXawBpIo6zAY_hnTuWn0JnTByq-KsxORQ_hDVjY7b3Qxbe,AMyo5r1E2BT_1jKMZXEAcV3zn4PQouetLw13G5QL5tsaMAhyvdJMNltS4ChSJgey7ID4Z6Ej08r_,AMyo5r20t6UlFkdekG85UjykyQQ2FybGOOgOmNvQCeQAGLdjLhgN0Ex7rxsM7h0mFHCkzy6R10_Y,AMyo5r1TnDEGYiAMVoRYJ-D21qXuPtMFfwy6CJgw3xhOgjzF92vGmrqWlH_h5DUi4O-RvuTLsc0u,AMyo5r2kTk8X702fCNQjRPPOYAeeJDfr95KGh7c2csakSfxbOHEXtVgOoC9DAgwxR-7ikkys-6UE,AMyo5r3lf9EDIfR-S-jAoeMtX-4tLD6Zb8dRHujhP_806njRNjIFmRcS7d6hLA7CVYriYTItqB-A",,"AMyo5r1BPa-OnkJcbDnbEs6mzWwjjbrtGS66DTa5xfNZe-aL66qQR8h-AN0kj4scBZbkDUozfaDw,AMyo5r1_3GTkr071lGpScAt17J2F3YDgGGAFDUbXKjJJ8yM426v5X2K14DGtPUzIV-ooj4fAS0G7kEmKL6hIrO_duVziNFuWeA,AMyo5r1atcDHDQ_z7EUqCrWT4ltJHO-2gQ66OofzfrlJMJumnkq4xYio56tgbapHcA5D4FdTNGlCOUc_bU0YatSOL4HawKlpLg,AMyo5r2mutoRyLV_4RrcSaTHxKhKqCs5qws5XUShWkqHDQMexgBlrxtYedTpoqBCo4M8tdxoxICxTNVjWAQL0NI8IIRWWJMUoQ,AMyo5r20t6UlFkdekG85UjykyQQ2FybGOOgOmNvQCeQAGLdjLhgN0Ex7rxsM7h0mFHCkzy6R10_Y",,AMyo5r0xkPRLmhy6z_C1fAkDUCI3SoWXawBpIo6zAY_hnTuWn0JnTByq-KsxORQ_hDVjY7b3Qxbe
jiusus,"AMyo5r2zznTRrybKvwcfGX9MLX2HcmpoFmG-wQiIRfaDIvm4N5r5285PoMCIDYoWH253897eFnwX,AMyo5r20t6UlFkdekG85UjykyQQ2FybGOOgOmNvQCeQAGLdjLhgN0Ex7rxsM7h0mFHCkzy6R10_Y,AMyo5r3gdFAdUDW9lk_SiVKFkzGVIURWKVi451ymO5ZChRBMu4HLZj9DNAHg-7wgDM14_pPJQS6z,AMyo5r396-K_wLDlXiLGdDI8PlEgP53DkgOyOqNaiETfnTkT0s7BzHKFt-Y4pmejweStlWgsk8bf,AMyo5r3gaAM2KxEFOqA9jyNG_vbByeRYhGyKmqGL76W0pra9FOCufXQvDyIsGkVtV642_fdEvqAp,AMyo5r1BPa-OnkJcbDnbEs6mzWwjjbrtGS66DTa5xfNZe-aL66qQR8h-AN0kj4scBZbkDUozfaDw,AMyo5r2SvfKMQvqXjcO_lidIYmLAIysazQwoGOKkjuRtiJXbVLs5BiXVv_44OY4Fns6pXmGuDEQE,AMyo5r1u3vUqLQXYaJmasXv4cNy6hN9yI6DX9yuzbJkRq36ogNQSHtfin32csatyto6JahPXlFxI","AMyo5r1p3W2ISEGM0KO9ysxzrLLowa3chXHfFwadxajVVnqXep9zjv8fZLK_TbZZ-fvpMVWuZxbl,AMyo5r1BPa-OnkJcbDnbEs6mzWwjjbrtGS66DTa5xfNZe-aL66qQR8h-AN0kj4scBZbkDUozfaDw,AMyo5r20t6UlFkdekG85UjykyQQ2FybGOOgOmNvQCeQAGLdjLhgN0Ex7rxsM7h0mFHCkzy6R10_Y,AMyo5r2mutoRyLV_4RrcSaTHxKhKqCs5qws5XUShWkqHDQMexgBlrxtYedTpoqBCo4M8tdxoxICxTNVjWAQL0NI8IIRWWJMUoQ,AMyo5r2zL0SE7L9XFfgo83Qy25Qt58dKgOL0zEJpr_NqEs7u2eUoi2GwiInVt4V2ihryLqLA1zJj,AMyo5r0xkPRLmhy6z_C1fAkDUCI3SoWXawBpIo6zAY_hnTuWn0JnTByq-KsxORQ_hDVjY7b3Qxbe,AMyo5r0eyX8Ubk9APjlCoLkcH3-k4MTWSAt2GyIDGii6xUf0mvPcYPz1D-RcjZqTpr2of861FkVD,AMyo5r05_Zb_AcLp2LN_U_ZccvU3JrJvBLTO4crbPFj8ClVzyDQq0rl3f1q-wwn8t6vcldsnTfcN,AMyo5r1AZCZs3IuEFkno6qcW9lPjGoyutP6fJokT8mZT25iNVN7IQpbWKjuaLoaKn93NIV4crSSy,AMyo5r33IDvIp_EttHoKBvoE6XOd9YOflOl6iGoQFEMyNgBpskG_GiA9BQzpkAhoTFj70LmZIOPO,AMyo5r2kzxgnOUdazzKji11M2oU-TIqAfyTJdvSr9RlAfzWeRxigEB0fA75LnksXToROFR0AZxxU,AMyo5r0rei2-lhyZTfR1I94hYbEl3xipEVYPjlBRmwZhuypaWh2QvAA-fVnL5HkU4lw_6eZ2QCRE,AMyo5r1atcDHDQ_z7EUqCrWT4ltJHO-2gQ66OofzfrlJMJumnkq4xYio56tgbapHcA5D4FdTNGlCOUc_bU0YatSOL4HawKlpLg,AMyo5r1u3vUqLQXYaJmasXv4cNy6hN9yI6DX9yuzbJkRq36ogNQSHtfin32csatyto6JahPXlFxI","AMyo5r2mutoRyLV_4RrcSaTHxKhKqCs5qws5XUShWkqHDQMexgBlrxtYedTpoqBCo4M8tdxoxICxTNVjWAQL0NI8IIRWWJMUoQ,AMyo5r1zL9sKU0ovR6fKcK2DtpDH30z2GOx-EkyWy1ep52AaFGlRU-JYztpAKeCNbmilQ0megBLM,AMyo5r20t6UlFkdekG85UjykyQQ2FybGOOgOmNvQCeQAGLdjLhgN0Ex7rxsM7h0mFHCkzy6R10_Y,AMyo5r1BPa-OnkJcbDnbEs6mzWwjjbrtGS66DTa5xfNZe-aL66qQR8h-AN0kj4scBZbkDUozfaDw,AMyo5r3Mu6xAbztkZMBDO0o06d5umlZpGa1nqO20-5GnXqLUbwXBn2No5D0vbP7uo1vHfoHF3NXE,AMyo5r1R-fTVF7wkEwzylGNJEZHaPX5adj2a3jmT7JdR1tXHfnTRSmQ6ttq0QPPHGhQcVJUGIj2l,AMyo5r0eyX8Ubk9APjlCoLkcH3-k4MTWSAt2GyIDGii6xUf0mvPcYPz1D-RcjZqTpr2of861FkVD,AMyo5r31whXZnM1A9uJHP1H_oFeGvjXWaUGiuCEUspSqoOYHDOo7E-o8mu5nXfbis40w8UZ61aqO,AMyo5r2kCyoPNzCwQAkb12UVvPXZhm19UCCQPRBGVCvmMC5KJZaWspjR3Mi66hujRtQrLmCwLAVF,AMyo5r35aqudhg_GpkeVJf_2axS9x3fkaA4khFeXyJMkBe3HiXsk15UY789K5V31xXFgcBFpYs50,AMyo5r29CB27MS-G7QOfJgQB1JX5uIWGBqQqcH_rGnevAGGqyBcHutNyEBEN1Zn9HxOsIHS98UKZ,AMyo5r0xkPRLmhy6z_C1fAkDUCI3SoWXawBpIo6zAY_hnTuWn0JnTByq-KsxORQ_hDVjY7b3Qxbe,AMyo5r2FrC_1s04SDdvbqrgC2ilc0ghxlacBO-fWt9ZMS553CulqxdGOv4UYuLfkc9I2tWdcC7Jb,AMyo5r1atcDHDQ_z7EUqCrWT4ltJHO-2gQ66OofzfrlJMJumnkq4xYio56tgbapHcA5D4FdTNGlCOUc_bU0YatSOL4HawKlpLg,AMyo5r0K9QEhmC1o-OvZsVIkhZfe4K8Pr8L4cbhF5mN0mrtrnl2WzaIEt97cJBp6ALvh9fOPWcqt","AMyo5r1NAyjJ8hG-3oUXFn7oaHvPuATvOrKzlDWZ7NAIn0ECPgJeV2H2kVO63YtV71snCdBYySl4,AMyo5r1NAyjJ8hG-3oUXFn7oaHvPuATvOrKzlDWZ7NAIn0ECPgJeV2H2kVO63YtV71snCdBYySl4","AMyo5r2kzxgnOUdazzKji11M2oU-TIqAfyTJdvSr9RlAfzWeRxigEB0fA75LnksXToROFR0AZxxU,AMyo5r31whXZnM1A9uJHP1H_oFeGvjXWaUGiuCEUspSqoOYHDOo7E-o8mu5nXfbis40w8UZ61aqO,AMyo5r35aqudhg_GpkeVJf_2axS9x3fkaA4khFeXyJMkBe3HiXsk15UY789K5V31xXFgcBFpYs50,AMyo5r05_Zb_AcLp2LN_U_ZccvU3JrJvBLTO4crbPFj8ClVzyDQq0rl3f1q-wwn8t6vcldsnTfcN,AMyo5r2zL0SE7L9XFfgo83Qy25Qt58dKgOL0zEJpr_NqEs7u2eUoi2GwiInVt4V2ihryLqLA1zJj","AMyo5r2mutoRyLV_4RrcSaTHxKhKqCs5qws5XUShWkqHDQMexgBlrxtYedTpoqBCo4M8tdxoxICxTNVjWAQL0NI8IIRWWJMUoQ,AMyo5r1atcDHDQ_z7EUqCrWT4ltJHO-2gQ66OofzfrlJMJumnkq4xYio56tgbapHcA5D4FdTNGlCOUc_bU0YatSOL4HawKlpLg,AMyo5r1BPa-OnkJcbDnbEs6mzWwjjbrtGS66DTa5xfNZe-aL66qQR8h-AN0kj4scBZbkDUozfaDw,AMyo5r20t6UlFkdekG85UjykyQQ2FybGOOgOmNvQCeQAGLdjLhgN0Ex7rxsM7h0mFHCkzy6R10_Y,AMyo5r0xkPRLmhy6z_C1fAkDUCI3SoWXawBpIo6zAY_hnTuWn0JnTByq-KsxORQ_hDVjY7b3Qxbe,AMyo5r33IDvIp_EttHoKBvoE6XOd9YOflOl6iGoQFEMyNgBpskG_GiA9BQzpkAhoTFj70LmZIOPO,AMyo5r1u3vUqLQXYaJmasXv4cNy6hN9yI6DX9yuzbJkRq36ogNQSHtfin32csatyto6JahPXlFxI",,"AMyo5r1atcDHDQ_z7EUqCrWT4ltJHO-2gQ66OofzfrlJMJumnkq4xYio56tgbapHcA5D4FdTNGlCOUc_bU0YatSOL4HawKlpLg,AMyo5r1u3vUqLQXYaJmasXv4cNy6hN9yI6DX9yuzbJkRq36ogNQSHtfin32csatyto6JahPXlFxI,AMyo5r20t6UlFkdekG85UjykyQQ2FybGOOgOmNvQCeQAGLdjLhgN0Ex7rxsM7h0mFHCkzy6R10_Y,AMyo5r1TzamDX_6myeQmb7hmBVrcKosQnShaoMwCy4LfnCYdSJQZUHLi06Chdeoy-JX55dLKCjah,AMyo5r1BPa-OnkJcbDnbEs6mzWwjjbrtGS66DTa5xfNZe-aL66qQR8h-AN0kj4scBZbkDUozfaDw,AMyo5r2mutoRyLV_4RrcSaTHxKhKqCs5qws5XUShWkqHDQMexgBlrxtYedTpoqBCo4M8tdxoxICxTNVjWAQL0NI8IIRWWJMUoQ",,"AMyo5r2TPYsM5F_PNdCMUdO9A9XH95_xNodq5gMNLu3i6EeoCMkmnJ6G461cWk9vJqJay5B-2NwS,AMyo5r0xkPRLmhy6z_C1fAkDUCI3SoWXawBpIo6zAY_hnTuWn0JnTByq-KsxORQ_hDVjY7b3Qxbe"
chimu,AMyo5r3CX8pUXXEo6OaQ4V6EHzUSRAW0DinriOYhHt8-r_Ux_rDcPtmTtBDUPc7PZ0SdoEFJmqTp,"AMyo5r2kzxgnOUdazzKji11M2oU-TIqAfyTJdvSr9RlAfzWeRxigEB0fA75LnksXToROFR0AZxxU,AMyo5r1qxT0DRNtMDT7jqIQq98rCpnmGSYD3UOwbmu_irzRGLkq1GMY_89V00Lw1dgdRVTrDsfEu,AMyo5r2zL0SE7L9XFfgo83Qy25Qt58dKgOL0zEJpr_NqEs7u2eUoi2GwiInVt4V2ihryLqLA1zJj,AMyo5r3CX8pUXXEo6OaQ4V6EHzUSRAW0DinriOYhHt8-r_Ux_rDcPtmTtBDUPc7PZ0SdoEFJmqTp,AMyo5r3CvGZWkxV46R62OzHr7i0-wDf1fF8S8eB17CRVUvHDgtCHmk1z-cwMPB2uPkYhLwjN44R1,AMyo5r1qxT0DRNtMDT7jqIQq98rCpnmGSYD3UOwbmu_irzRGLkq1GMY_89V00Lw1dgdRVTrDsfEu,AMyo5r05_Zb_AcLp2LN_U_ZccvU3JrJvBLTO4crbPFj8ClVzyDQq0rl3f1q-wwn8t6vcldsnTfcN","AMyo5r31whXZnM1A9uJHP1H_oFeGvjXWaUGiuCEUspSqoOYHDOo7E-o8mu5nXfbis40w8UZ61aqO,AMyo5r2yEk1U93jYqJKj37f053C4JD6DOfYA5BG5W52z8aqVLB9y5Qf7-0NT3pol1FgXDCFxbk54,AMyo5r3CX8pUXXEo6OaQ4V6EHzUSRAW0DinriOYhHt8-r_Ux_rDcPtmTtBDUPc7PZ0SdoEFJmqTp,AMyo5r16YYFNq2zJrTWNkRc80eJJpGIew2DQnN4IqsWoRDHQc2dyXhISObe0ZEjPMVXjlM-Ai_Q-,AMyo5r16YYFNq2zJrTWNkRc80eJJpGIew2DQnN4IqsWoRDHQc2dyXhISObe0ZEjPMVXjlM-Ai_Q-,AMyo5r35aqudhg_GpkeVJf_2axS9x3fkaA4khFeXyJMkBe3HiXsk15UY789K5V31xXFgcBFpYs50,AMyo5r2yEk1U93jYqJKj37f053C4JD6DOfYA5BG5W52z8aqVLB9y5Qf7-0NT3pol1FgXDCFxbk54,AMyo5r3CvGZWkxV46R62OzHr7i0-wDf1fF8S8eB17CRVUvHDgtCHmk1z-cwMPB2uPkYhLwjN44R1,AMyo5r3CX8pUXXEo6OaQ4V6EHzUSRAW0DinriOYhHt8-r_Ux_rDcPtmTtBDUPc7PZ0SdoEFJmqTp","AMyo5r35aqudhg_GpkeVJf_2axS9x3fkaA4khFeXyJMkBe3HiXsk15UY789K5V31xXFgcBFpYs50,AMyo5r2kzxgnOUdazzKji11M2oU-TIqAfyTJdvSr9RlAfzWeRxigEB0fA75LnksXToROFR0AZxxU,AMyo5r05_Zb_AcLp2LN_U_ZccvU3JrJvBLTO4crbPFj8ClVzyDQq0rl3f1q-wwn8t6vcldsnTfcN,AMyo5r2zL0SE7L9XFfgo83Qy25Qt58dKgOL0zEJpr_NqEs7u2eUoi2GwiInVt4V2ihryLqLA1zJj,AMyo5r31whXZnM1A9uJHP1H_oFeGvjXWaUGiuCEUspSqoOYHDOo7E-o8mu5nXfbis40w8UZ61aqO","AMyo5r1qxT0DRNtMDT7jqIQq98rCpnmGSYD3UOwbmu_irzRGLkq1GMY_89V00Lw1dgdRVTrDsfEu,AMyo5r2yEk1U93jYqJKj37f053C4JD6DOfYA5BG5W52z8aqVLB9y5Qf7-0NT3pol1FgXDCFxbk54,AMyo5r2yEk1U93jYqJKj37f053C4JD6DOfYA5BG5W52z8aqVLB9y5Qf7-0NT3pol1FgXDCFxbk54,AMyo5r1qxT0DRNtMDT7jqIQq98rCpnmGSYD3UOwbmu_irzRGLkq1GMY_89V00Lw1dgdRVTrDsfEu","AMyo5r33t4PmEuxJbjcObPrwBATqIhxRKtj4z9rzC_P5bH7bbNfEFOchADmi9Xtlti2BqQfEYuy_,AMyo5r2MiTuL3Tnabu9t3ZJdENvBKceX7niojCqL7xvuYK8faXNvsDCtCVhZXlnpSuaNHIEkSEXn,AMyo5r1FLRiluY3dl1EwsprQkbGNKCLzmL8BTQ1Hwvcp6O9QOGoMFS8-uccAn8N4IufaJIYNUvXU,AMyo5r3CvGZWkxV46R62OzHr7i0-wDf1fF8S8eB17CRVUvHDgtCHmk1z-cwMPB2uPkYhLwjN44R1",,AMyo5r0grQBSAE3fhN2LPIibdq1IhnseWUCaOSqNQkNAoRjCvTgyZT9qeUrriGN3W5l-4ayKfi6y,,
shirleyWhirley,"AMyo5r0FIRefDwoKGzan8jHDdTt_5ZosUcwvBI4JLYPrQaRY2okpD83DHvs3P-KC9Qtdz4d6yuuO,AMyo5r1BPa-OnkJcbDnbEs6mzWwjjbrtGS66DTa5xfNZe-aL66qQR8h-AN0kj4scBZbkDUozfaDw,AMyo5r2jmYLqeiJi0D3zgPmjF2PRLjsaCJII0quBneXSpTB5ReK6yx69RKs9hNn-4Q5XIxE1Ef7J,AMyo5r1E2BT_1jKMZXEAcV3zn4PQouetLw13G5QL5tsaMAhyvdJMNltS4ChSJgey7ID4Z6Ej08r_,AMyo5r1yDBovA4FLLv58Wbk5TFFJR8zKwNGcZW0PB0liVZ-6-IWFmlHuvJsLt5ZD61e41vjplKK5,AMyo5r1u3vUqLQXYaJmasXv4cNy6hN9yI6DX9yuzbJkRq36ogNQSHtfin32csatyto6JahPXlFxI,AMyo5r20t6UlFkdekG85UjykyQQ2FybGOOgOmNvQCeQAGLdjLhgN0Ex7rxsM7h0mFHCkzy6R10_Y,AMyo5r0H29b656QQyqntrLRA695ykLVY1kPc7G5NvXmUxZND_p2sUeCeCUkNXwZsE1rQ5pup8iTV,AMyo5r1fO1OL72D4JyKbGFNF8eEN-ox6_nmRdP0-gg8Zv0gFhnU8GT32-EA0v0n0buv1c6qUY1ay,AMyo5r0zXjCp05_v-_VMyqfoUfQ8lqXNZg8gu7h2mz_uUedWhfnwZniWLANcn6anmZZrhal-OUjc","AMyo5r33IDvIp_EttHoKBvoE6XOd9YOflOl6iGoQFEMyNgBpskG_GiA9BQzpkAhoTFj70LmZIOPO,AMyo5r1u3vUqLQXYaJmasXv4cNy6hN9yI6DX9yuzbJkRq36ogNQSHtfin32csatyto6JahPXlFxI,AMyo5r0xkPRLmhy6z_C1fAkDUCI3SoWXawBpIo6zAY_hnTuWn0JnTByq-KsxORQ_hDVjY7b3Qxbe,AMyo5r1BPa-OnkJcbDnbEs6mzWwjjbrtGS66DTa5xfNZe-aL66qQR8h-AN0kj4scBZbkDUozfaDw,AMyo5r3CvGZWkxV46R62OzHr7i0-wDf1fF8S8eB17CRVUvHDgtCHmk1z-cwMPB2uPkYhLwjN44R1,AMyo5r2mutoRyLV_4RrcSaTHxKhKqCs5qws5XUShWkqHDQMexgBlrxtYedTpoqBCo4M8tdxoxICxTNVjWAQL0NI8IIRWWJMUoQ,AMyo5r2dMFLz1m1H1brREsru_s4ekLijiK_XfXTOR4lIr7SEz48Rt4J4G-lDHHNWQv8a2qu9OHUX,AMyo5r20t6UlFkdekG85UjykyQQ2FybGOOgOmNvQCeQAGLdjLhgN0Ex7rxsM7h0mFHCkzy6R10_Y,AMyo5r1atcDHDQ_z7EUqCrWT4ltJHO-2gQ66OofzfrlJMJumnkq4xYio56tgbapHcA5D4FdTNGlCOUc_bU0YatSOL4HawKlpLg","AMyo5r0xkPRLmhy6z_C1fAkDUCI3SoWXawBpIo6zAY_hnTuWn0JnTByq-KsxORQ_hDVjY7b3Qxbe,AMyo5r3lf9EDIfR-S-jAoeMtX-4tLD6Zb8dRHujhP_806njRNjIFmRcS7d6hLA7CVYriYTItqB-A,AMyo5r1BPa-OnkJcbDnbEs6mzWwjjbrtGS66DTa5xfNZe-aL66qQR8h-AN0kj4scBZbkDUozfaDw,AMyo5r0kihOnGzH-Z97F72scQMKMoAnyl__wlr6OPZKL6EbNkGp3xakW_stvjgS9u7wxJJx7pzSQ,AMyo5r2mutoRyLV_4RrcSaTHxKhKqCs5qws5XUShWkqHDQMexgBlrxtYedTpoqBCo4M8tdxoxICxTNVjWAQL0NI8IIRWWJMUoQ,AMyo5r0XOAQg0oNo2lw0j1eXSLn7Z_8aDG0Aw-JSIW3Yba-KYJA0xZ09ZK3WyZyXY_V0672I7vYi,AMyo5r0-bInba6KsasAWdOCE48ck-6HrBTu3beSe0rZxQgq4FFdTrsQlGoGCJS_xg8kPXycU7xOm,AMyo5r1a-L1o0luNiNLgnEsmuwKJj_7I0e_lPOAEep_btQjQoc8gzbuAi7ONvHyW6FH5loEMkT6v,AMyo5r1atcDHDQ_z7EUqCrWT4ltJHO-2gQ66OofzfrlJMJumnkq4xYio56tgbapHcA5D4FdTNGlCOUc_bU0YatSOL4HawKlpLg,AMyo5r2hhoJc-0-tQtX90Pj8-52mzVOdWfPYkmKEJUPpUNgna6oLguqiOiCQH22l8uorGdPSqnTj,AMyo5r0FIRefDwoKGzan8jHDdTt_5ZosUcwvBI4JLYPrQaRY2okpD83DHvs3P-KC9Qtdz4d6yuuO,AMyo5r2kTk8X702fCNQjRPPOYAeeJDfr95KGh7c2csakSfxbOHEXtVgOoC9DAgwxR-7ikkys-6UE,AMyo5r3CvGZWkxV46R62OzHr7i0-wDf1fF8S8eB17CRVUvHDgtCHmk1z-cwMPB2uPkYhLwjN44R1,AMyo5r0AcamQzee_1RZmBxBe6pdhDegNeuzdMXDK9hrWDHbm8GhPTKZ33gjPMXMZFbI6Zs8rHBvn,AMyo5r1TnDEGYiAMVoRYJ-D21qXuPtMFfwy6CJgw3xhOgjzF92vGmrqWlH_h5DUi4O-RvuTLsc0u,AMyo5r1fO1OL72D4JyKbGFNF8eEN-ox6_nmRdP0-gg8Zv0gFhnU8GT32-EA0v0n0buv1c6qUY1ay,AMyo5r20t6UlFkdekG85UjykyQQ2FybGOOgOmNvQCeQAGLdjLhgN0Ex7rxsM7h0mFHCkzy6R10_Y,AMyo5r1E2BT_1jKMZXEAcV3zn4PQouetLw13G5QL5tsaMAhyvdJMNltS4ChSJgey7ID4Z6Ej08r_","AMyo5r1BPa-OnkJcbDnbEs6mzWwjjbrtGS66DTa5xfNZe-aL66qQR8h-AN0kj4scBZbkDUozfaDw,AMyo5r1atcDHDQ_z7EUqCrWT4ltJHO-2gQ66OofzfrlJMJumnkq4xYio56tgbapHcA5D4FdTNGlCOUc_bU0YatSOL4HawKlpLg,AMyo5r2mutoRyLV_4RrcSaTHxKhKqCs5qws5XUShWkqHDQMexgBlrxtYedTpoqBCo4M8tdxoxICxTNVjWAQL0NI8IIRWWJMUoQ,AMyo5r0xkPRLmhy6z_C1fAkDUCI3SoWXawBpIo6zAY_hnTuWn0JnTByq-KsxORQ_hDVjY7b3Qxbe,AMyo5r20t6UlFkdekG85UjykyQQ2FybGOOgOmNvQCeQAGLdjLhgN0Ex7rxsM7h0mFHCkzy6R10_Y,AMyo5r1u3vUqLQXYaJmasXv4cNy6hN9yI6DX9yuzbJkRq36ogNQSHtfin32csatyto6JahPXlFxI,AMyo5r33IDvIp_EttHoKBvoE6XOd9YOflOl6iGoQFEMyNgBpskG_GiA9BQzpkAhoTFj70LmZIOPO","AMyo5r2MiTuL3Tnabu9t3ZJdENvBKceX7niojCqL7xvuYK8faXNvsDCtCVhZXlnpSuaNHIEkSEXn,AMyo5r1FLRiluY3dl1EwsprQkbGNKCLzmL8BTQ1Hwvcp6O9QOGoMFS8-uccAn8N4IufaJIYNUvXU,AMyo5r3CvGZWkxV46R62OzHr7i0-wDf1fF8S8eB17CRVUvHDgtCHmk1z-cwMPB2uPkYhLwjN44R1,AMyo5r33t4PmEuxJbjcObPrwBATqIhxRKtj4z9rzC_P5bH7bbNfEFOchADmi9Xtlti2BqQfEYuy_","AMyo5r2NaUXA39NkWk7tuVIScfemLWhYqd9mh1VVw8XHR3ZeKDIeizTlzPBgwfn-bu8TXCrkGVtr,AMyo5r2NaUXA39NkWk7tuVIScfemLWhYqd9mh1VVw8XHR3ZeKDIeizTlzPBgwfn-bu8TXCrkGVtr",,"AMyo5r1u3vUqLQXYaJmasXv4cNy6hN9yI6DX9yuzbJkRq36ogNQSHtfin32csatyto6JahPXlFxI,AMyo5r20t6UlFkdekG85UjykyQQ2FybGOOgOmNvQCeQAGLdjLhgN0Ex7rxsM7h0mFHCkzy6R10_Y,AMyo5r1atcDHDQ_z7EUqCrWT4ltJHO-2gQ66OofzfrlJMJumnkq4xYio56tgbapHcA5D4FdTNGlCOUc_bU0YatSOL4HawKlpLg,AMyo5r2mutoRyLV_4RrcSaTHxKhKqCs5qws5XUShWkqHDQMexgBlrxtYedTpoqBCo4M8tdxoxICxTNVjWAQL0NI8IIRWWJMUoQ,AMyo5r1BPa-OnkJcbDnbEs6mzWwjjbrtGS66DTa5xfNZe-aL66qQR8h-AN0kj4scBZbkDUozfaDw",,AMyo5r0xkPRLmhy6z_C1fAkDUCI3SoWXawBpIo6zAY_hnTuWn0JnTByq-KsxORQ_hDVjY7b3Qxbe
yuppie,,"AMyo5r08X_fxVl_o7YHAE4aicQSgwXXX8NZj2EB75jMphf4SfrSCa9Vpv9PPwZhqWqnwfVWyZcZk,AMyo5r2SoM77_jizcqKeqp41hSG78LKlbwoQvObITfHzITazx61ko2t0qHee8Zc_RwzrhVXAUobJ",,,,,,AMyo5r08X_fxVl_o7YHAE4aicQSgwXXX8NZj2EB75jMphf4SfrSCa9Vpv9PPwZhqWqnwfVWyZcZk,,
dumbestKid,"AMyo5r3EwMrDM8rG86X5Z2tkTaCHIzGQgAL-FjyjpDyq-mo2PWibOMTJKrTPU2-nZARs_tCMhWXM,AMyo5r20t6UlFkdekG85UjykyQQ2FybGOOgOmNvQCeQAGLdjLhgN0Ex7rxsM7h0mFHCkzy6R10_Y,AMyo5r1u3vUqLQXYaJmasXv4cNy6hN9yI6DX9yuzbJkRq36ogNQSHtfin32csatyto6JahPXlFxI,AMyo5r1BPa-OnkJcbDnbEs6mzWwjjbrtGS66DTa5xfNZe-aL66qQR8h-AN0kj4scBZbkDUozfaDw","AMyo5r08X_fxVl_o7YHAE4aicQSgwXXX8NZj2EB75jMphf4SfrSCa9Vpv9PPwZhqWqnwfVWyZcZk,AMyo5r20t6UlFkdekG85UjykyQQ2FybGOOgOmNvQCeQAGLdjLhgN0Ex7rxsM7h0mFHCkzy6R10_Y,AMyo5r3Gn6OoDDACDz7vc7MGMSl_OKjvkFL3oF6ICmPSWmcGy40HpH35pBYgDOTnvw3z86WE1_7m,AMyo5r1atcDHDQ_z7EUqCrWT4ltJHO-2gQ66OofzfrlJMJumnkq4xYio56tgbapHcA5D4FdTNGlCOUc_bU0YatSOL4HawKlpLg,AMyo5r1u3vUqLQXYaJmasXv4cNy6hN9yI6DX9yuzbJkRq36ogNQSHtfin32csatyto6JahPXlFxI,AMyo5r05FPmDPpgkWWylPJr6ufDnWMliXXeShmE3IDQ2Opnqp2ht9lEUsmi8phaqvDv7wHIetCbn,AMyo5r2mutoRyLV_4RrcSaTHxKhKqCs5qws5XUShWkqHDQMexgBlrxtYedTpoqBCo4M8tdxoxICxTNVjWAQL0NI8IIRWWJMUoQ,AMyo5r3_G6JbRCf7p7gB7ypQ0jekRX5AuWudrUROd6Qa50nfBVV0MvXxKIREOxM_rfkXWAeUvcku,AMyo5r1chVNEMn83UkeG2mDiUYWzaP0RCGvxe91RIhB_cK3orPVANrc8vLpwA3NQPyhDEdqPuUgK,AMyo5r1BPa-OnkJcbDnbEs6mzWwjjbrtGS66DTa5xfNZe-aL66qQR8h-AN0kj4scBZbkDUozfaDw","AMyo5r1atcDHDQ_z7EUqCrWT4ltJHO-2gQ66OofzfrlJMJumnkq4xYio56tgbapHcA5D4FdTNGlCOUc_bU0YatSOL4HawKlpLg,AMyo5r20t6UlFkdekG85UjykyQQ2FybGOOgOmNvQCeQAGLdjLhgN0Ex7rxsM7h0mFHCkzy6R10_Y,AMyo5r1_3GTkr071lGpScAt17J2F3YDgGGAFDUbXKjJJ8yM426v5X2K14DGtPUzIV-ooj4fAS0G7kEmKL6hIrO_duVziNFuWeA,AMyo5r1BPa-OnkJcbDnbEs6mzWwjjbrtGS66DTa5xfNZe-aL66qQR8h-AN0kj4scBZbkDUozfaDw,AMyo5r2mutoRyLV_4RrcSaTHxKhKqCs5qws5XUShWkqHDQMexgBlrxtYedTpoqBCo4M8tdxoxICxTNVjWAQL0NI8IIRWWJMUoQ","AMyo5r1atcDHDQ_z7EUqCrWT4ltJHO-2gQ66OofzfrlJMJumnkq4xYio56tgbapHcA5D4FdTNGlCOUc_bU0YatSOL4HawKlpLg,AMyo5r1TzamDX_6myeQmb7hmBVrcKosQnShaoMwCy4LfnCYdSJQZUHLi06Chdeoy-JX55dLKCjah,AMyo5r20t6UlFkdekG85UjykyQQ2FybGOOgOmNvQCeQAGLdjLhgN0Ex7rxsM7h0mFHCkzy6R10_Y,AMyo5r1u3vUqLQXYaJmasXv4cNy6hN9yI6DX9yuzbJkRq36ogNQSHtfin32csatyto6JahPXlFxI,AMyo5r2mutoRyLV_4RrcSaTHxKhKqCs5qws5XUShWkqHDQMexgBlrxtYedTpoqBCo4M8tdxoxICxTNVjWAQL0NI8IIRWWJMUoQ,AMyo5r1BPa-OnkJcbDnbEs6mzWwjjbrtGS66DTa5xfNZe-aL66qQR8h-AN0kj4scBZbkDUozfaDw",AMyo5r0grQBSAE3fhN2LPIibdq1IhnseWUCaOSqNQkNAoRjCvTgyZT9qeUrriGN3W5l-4ayKfi6y,"AMyo5r2mutoRyLV_4RrcSaTHxKhKqCs5qws5XUShWkqHDQMexgBlrxtYedTpoqBCo4M8tdxoxICxTNVjWAQL0NI8IIRWWJMUoQ,AMyo5r1BPa-OnkJcbDnbEs6mzWwjjbrtGS66DTa5xfNZe-aL66qQR8h-AN0kj4scBZbkDUozfaDw,AMyo5r1u3vUqLQXYaJmasXv4cNy6hN9yI6DX9yuzbJkRq36ogNQSHtfin32csatyto6JahPXlFxI,AMyo5r1atcDHDQ_z7EUqCrWT4ltJHO-2gQ66OofzfrlJMJumnkq4xYio56tgbapHcA5D4FdTNGlCOUc_bU0YatSOL4HawKlpLg,AMyo5r20t6UlFkdekG85UjykyQQ2FybGOOgOmNvQCeQAGLdjLhgN0Ex7rxsM7h0mFHCkzy6R10_Y",AMyo5r08X_fxVl_o7YHAE4aicQSgwXXX8NZj2EB75jMphf4SfrSCa9Vpv9PPwZhqWqnwfVWyZcZk,,,
emily,,,,,,,,,,
other,,AMyo5r0xkPRLmhy6z_C1fAkDUCI3SoWXawBpIo6zAY_hnTuWn0JnTByq-KsxORQ_hDVjY7b3Qxbe,AMyo5r0xkPRLmhy6z_C1fAkDUCI3SoWXawBpIo6zAY_hnTuWn0JnTByq-KsxORQ_hDVjY7b3Qxbe,"AMyo5r2TPYsM5F_PNdCMUdO9A9XH95_xNodq5gMNLu3i6EeoCMkmnJ6G461cWk9vJqJay5B-2NwS,AMyo5r0xkPRLmhy6z_C1fAkDUCI3SoWXawBpIo6zAY_hnTuWn0JnTByq-KsxORQ_hDVjY7b3Qxbe",,AMyo5r0xkPRLmhy6z_C1fAkDUCI3SoWXawBpIo6zAY_hnTuWn0JnTByq-KsxORQ_hDVjY7b3Qxbe,,,,
