client,August,September,October,November,December,January,February,March,April,May,June
me,,"AMyo5r2moNXgcY7dPi3Vvetl1Ilj1GXkqioEv_God8V6IaqbJug5vaU2O4_9PowY1ssC5C_9ATnWQq-BbqF-FibT6qANkrkrqQ,AMyo5r3E-FNomFJr8PIdjwmeLmysgUJr0WRng3wZThI8uNOEK1R3tA6cro-DwaMRcLWs7TQ5Wuhu8xVH6X7AmZK2T0Oc9YIg7Q,AMyo5r3F5CkPc8GU7N5rF4v6USDOCXgS02yjgP2u7ueE1-VrNso9OUs3nhZ0lJGww6NVsQOQgvbwd4sNo6O8BOPM3BVplDsQ1Q",AMyo5r2uUW0VQidfrAFMjFG-_Rh6SGVoHnRm7w62y_oj0pZZou3E3qZcihoDK5QZFyw-kWBSzbjZ7K3GQCD_eX9Jc2sGenLuKg,"AMyo5r2-utNTWlOeGaCeeriK9k78r8WUcXJ05yMaNlFa6tM3QoTrwawGWQ-MjFop91lE2PdJURH8n6APdC0hFWlCCbzilqp04w,AMyo5r1Da0hT3LKT0SAqio1G66GvqYHzDYcMzJbJOSMVt5IicK_37_j1CD4VzzSOsS1SRnivfweL2Un1Oq87aBSrzTcMSGrCRA,AMyo5r0V0-1u3De28QZ6vyners2vc4kdrhiva7mESd1nD3gpUaR_qurFQ8vcjy4QDwxQCmk3A0gD1xVFdXOiP0FmEDTKj9lAmg,AMyo5r0TMvnj2PopOL4iA8OQ4_dKkNvavpRINsBnWQ3TtInNhF11r2u9BWCquo3JA49g2VONzBKib-ww49qPu8NcB1jSr3hHaw,AMyo5r0JRmnMpwqoP4_ze4XvINmDVtpO7hSmOxgC2PBHwRj37Tduv6hw6nhJ8J4GNxRuDeM3B1xI7xE9QsBVWfuk16v8J8ufWA","AMyo5r16mcwK6c0Y9btE4GfhejTdXMbzztzqVICV_JrgR3vBcx1F-Xqgn0Rmp4mOUoBDsJuNabt1psLP0Oq7DNRNDCAklEi_Zw,AMyo5r0MZJEOArTwJx9_5yqekiPG8N1RsqwPEeUcGG0WbcC-_b7XvIVJa2YXer9bTZYTeqnCSsGQoemUOcwBCGM6lNr6skgu3w","AMyo5r30eu7U7PXeFvRegW0nJCXui5igIJUPnpDBa-FTwM5oiQD1rw0RO_tNLm3HoGM4FmugF9ftbpf_kk8ASwn_c27-GZM9XA,AMyo5r0nza6wZxcCDU_wxnsiE16c3DcoVvl1UgoIrsyL0t7umxi6ohrXheSJL2aZDO2YijJiNpFcZMxpz8iYN_I4wMdcViwvXQ,AMyo5r1mn9XyTnHfLetQxNwO3RVBWheeWrW9Ei58hfo7wcYJ2FVyjoBJWdM5F2XQmMWy7vnJ7oF2eDgISmhR_X_dGjBudO12aw",,,,,
girlBoss,AMyo5r1OAMjYggF7XWhz3_lptl3msIcJDc7_v1Bva7ifhPLkysIU5HhodevwkL8Eo-3vbwe1JY5ttbbpN3ZZ_1RXQ_2m85YUxw,"AMyo5r20z5Sq9MPWkw8JptTAiTqvcrVjKTiMBbeljZPec5_6pArSau_MXtB4wKM4nO78g4z5YEmlvyVKosb1zwSzElkNFFvnqQ,AMyo5r1d8qgGP7nUS7NJJgHD45JOhWlO5MoKXeAf45Tlt_EQJpn2W56GXLkxcpBAMohly95TWgpt8I4-9jwpCCdn7kZaeFaXOg,AMyo5r2PTaGBOl5PVZptLRGi5V4I50fjHwRsSOw5tra1zwov_txwdMmhHyCdeqNFaV0h5E_tmfY9J365-LCIcyx7evr-fbigRA",,,AMyo5r0MZJEOArTwJx9_5yqekiPG8N1RsqwPEeUcGG0WbcC-_b7XvIVJa2YXer9bTZYTeqnCSsGQoemUOcwBCGM6lNr6skgu3w,AMyo5r0oswkf6qMEN01YVK0yg-jXCtHC8ELpWgg65VTUCMB-cFS1FavpO8FfJHAfB5E5U5--4D-hZtxkSRtBES96p0kuypmyPA,"AMyo5r2R20MxvB7szJ9PIa0e7kew7Sn_N54uj5lljavW_0L94TFnjFF1OxhF227x9eUihNGjcPz5kCXiJVXBNpgbN3QPR3FJiQ,AMyo5r2Fcwmn53AJFszPkZUT4ql1pZu8oJSn17d8FKTRA8yMvFHufiMklfwpxdjUySmQf3ehaCcm0ULx-N2kGSoEWuEfH9Wudw,AMyo5r3eYCcJUFxHPunRKzAYaclX78HyHDe6fX9aEcEa8hRYWrSkIeyextYROPwt355ueOUIE9boxEZtg6gStU7NOxw8ZMrbGw",,,,AMyo5r3DYXz_ZGWsBsi8E7RGs0crWkEr149uRNLq_kfbw5QRfCZg_Kl_FgZ7Ds3fMga7M9fqneYIETRRlwNg1GwZjT9hMKNyeQ
bugBoy,"AMyo5r26SL54v0XyyVrfRg3EY9_TVW-dFzEGYx6ePd-OkBqzzs9ScGDIXGxt3zBuWlWNvTFw9wsnIg4MFiXoBcKDXV6DWSILsQ,AMyo5r1_3GTkr071lGpScAt17J2F3YDgGGAFDUbXKjJJ8yM426v5X2K14DGtPUzIV-ooj4fAS0G7kEmKL6hIrO_duVziNFuWeA,AMyo5r1OAMjYggF7XWhz3_lptl3msIcJDc7_v1Bva7ifhPLkysIU5HhodevwkL8Eo-3vbwe1JY5ttbbpN3ZZ_1RXQ_2m85YUxw","AMyo5r0FJZqgkywKLzNmsiU57nHdqJmNNeMJE7qprD8QVZ41PiNu5H6fu7vpRKI5U6RH7PmBsYUp-nRnZ7i9q24eDMOCCs_FeA,AMyo5r2PTaGBOl5PVZptLRGi5V4I50fjHwRsSOw5tra1zwov_txwdMmhHyCdeqNFaV0h5E_tmfY9J365-LCIcyx7evr-fbigRA,AMyo5r2A2q_sGIPJwlsbb_KeIAPgojZKOVwR3p6jeK8tgc9KbsnpHmFN8QtsS5HYpiJHDjJrfCy0UQHWFhLsihWGrRUXUBSnjA,AMyo5r0sLBHU6TuIa3FOy9TvZkrKYeOXFlEoQCux7nx4Izg8d4VLbxgaeAFOS9CGCeE8fgP9M8DEl7CBoEsCMTY0D1CrEGX_hg,AMyo5r0vv6hqxeH61BvZ9OuOJTr8W8xDF_HXkBakGmbE7br4QtYdSiwTo0-vhrb_SGJr4yFXG_fDGDgqwWKDHuPMcuASEw2mhg,AMyo5r2PTaGBOl5PVZptLRGi5V4I50fjHwRsSOw5tra1zwov_txwdMmhHyCdeqNFaV0h5E_tmfY9J365-LCIcyx7evr-fbigRA,AMyo5r3GhoZXRKDeXYrFjlUavJy_GR1xJQysnwLrZDNXxJogn0wtAG0VXcHGKxHMiPzbfZfGLhV0iPClRWHE4HyUr7Ci5rieAQ,AMyo5r1fYlzqCdpXUNNK0TvmiKQWuxcTmm1UhdtkF--LI5x8S3JxdS8yjpX0E0XRM794irk_pkiaR9LWAxausTcXVcsF6GK2hw,AMyo5r2jk-9xMlz1YI98TsAhC5goyqICSJSPV_GXqsOu6n-FnXNU1PXZkE3PJ6Uk3VSsCf1CWupkkdQCaxfbOEhjT_DnXcoY7Q,AMyo5r3pDNM-UU1u7wTYytJCwoO6ZcbgtXbcs5SdpCmkMFslnXqmAx5s4Vjj1KeR_RSfdPfVgt_U733KuKyYkX0FPWRJterf9A,AMyo5r1NB4lTm6WVo_nFJvI2Umj81g7SYHXSv5tXlVJGxMlSO6ufnWFPa5h2XiEDLgF6vPQ8uZ2r8Rag0MNm0jXVjZkKj0mzdw","AMyo5r30sK6cYouxzpM6RouZFpkrRDpvOfxOOIzdw_owIskBmKeIogDdYb1rYTuXXch-V2n0-DvfDEqZU5Klu0jWXQIf5Xh-_g,AMyo5r30sK6cYouxzpM6RouZFpkrRDpvOfxOOIzdw_owIskBmKeIogDdYb1rYTuXXch-V2n0-DvfDEqZU5Klu0jWXQIf5Xh-_g,AMyo5r3YHHeWTBK9Q_1RtOlNKtF1Nz2w41Ym6NJRx4eSjknCGvs3vvwNTtIqY_-owvDQsRrBJMPq92qGoQjUYFFetDlgzuCIdg,AMyo5r1yKBJDGF_8kkVZ-uIimStSNSzZvcBiQ8LyqN_a0ntHWXAqr-ZkpBFZjwqNBbJxWVrmQQey0ybOHwlia69114Nf1gvpcg,AMyo5r3Bhv9x5_pa89MUDx5Q_w_nIQfvx4ZrCl8-pWtLBBIip3na1QpCKaAZxA6SJlbN9rEOPIzmGBO74uoBlCzPoPZBMfVlog,AMyo5r1xytXmb60HPsq5ixxlYO6IHpn9MSkZFTiJl1qtRTlt3HnWbchmNBTurkG6svneSu48HiZX3-rjvjiweCE9uhcwaUxeKg,AMyo5r3Csi32TjYZPQff3xT6H3ODDUhisCz_EyT0vTbeXIDW9buXorpYIuxIkjY0cCLBu8aBWpDq3cNtasQiuFuSL3QwgTcAlQ,AMyo5r1zDKDEwmXWmKCnRwK853BWwykP4sQwlQSv4qBFEJP3Ejy2pLoHSq4TuzNiq1zwD5-INQpFvIjc0d5i7YpFNjMPHGL1PQ,AMyo5r0_uI-Q7jj-WMxSSgsC7lxKYAFalfKmX-AfNfF42pl9oEhic_lgB0ZaWMLUOTzjmLWxkk3zIyxQXzGy9ak5p1zkIId69A,AMyo5r1zDKDEwmXWmKCnRwK853BWwykP4sQwlQSv4qBFEJP3Ejy2pLoHSq4TuzNiq1zwD5-INQpFvIjc0d5i7YpFNjMPHGL1PQ,AMyo5r17Kfpdp_jL_agvXdvvoh32QbZgKwUxdC9tag_1Tk27S8937hG9QXDRg917RUWw7OXpUtdXdvaYFPkpoAPM1RxTWBod4g,AMyo5r30sK6cYouxzpM6RouZFpkrRDpvOfxOOIzdw_owIskBmKeIogDdYb1rYTuXXch-V2n0-DvfDEqZU5Klu0jWXQIf5Xh-_g",,"AMyo5r0MZJEOArTwJx9_5yqekiPG8N1RsqwPEeUcGG0WbcC-_b7XvIVJa2YXer9bTZYTeqnCSsGQoemUOcwBCGM6lNr6skgu3w,AMyo5r1uVOgRzs10yvMJHAkA6EQHmPlEzzR3YKGCFnLfhJdkjmeXb8g2y9Gau350ZsKGHLEWvXANNUyWda3PVSRzXSg9xlyf7w","AMyo5r1VKb-KqwXesVlwkO9YmyuigjpGe5eqfmhbjvpq1Ij2y1cTlLCDhU-xxoHwD_Y8Q7FcXgAU5vAna2TQuEjmusmPmCq5wQ,AMyo5r2gFmbGj2nr9a1AGtguj1gSh9gSuiBrciCLhLhb3aFyQ7KRW6IRjFvo8PNis2BuK5H4ckfarSRPF8kQIppAkrT2pQjwaw,AMyo5r3iYeBjTc_aKx_TYIhDCezEQSSJc-eCQ8yKVjaN98PydQwL1XtX8P7hob1MOC7gVSsyeEWW_Jhyba-SIRifN_HUigH0ng","AMyo5r0_t5EnT1NyNK0KcQbRj8g6mcmhUfaIcUzJEZMRnHumWWhuX2CVXpnvUEpDBdd_zpaTWFqOz3lp8G26tz4dKWuD6x3p4w,AMyo5r2dgxIO0FDWpP1xaDGUWtdIl_QW5YHPJprS7AgKT-iUW3tW1TbM4pOBqbBfc7jw6CGkxXfNNJLLQndw6h_x6QyfqLFGdg,AMyo5r0_t5EnT1NyNK0KcQbRj8g6mcmhUfaIcUzJEZMRnHumWWhuX2CVXpnvUEpDBdd_zpaTWFqOz3lp8G26tz4dKWuD6x3p4w,AMyo5r2z7QBhBqlu6DS6PrP73Lab2JQbzxZ7wp2-pEsWxSILCMFIkc0TuoMOq9V15jzteq1gEA1EUpiv7AlpQCvCI17gSYeUVg",,,,AMyo5r3DYXz_ZGWsBsi8E7RGs0crWkEr149uRNLq_kfbw5QRfCZg_Kl_FgZ7Ds3fMga7M9fqneYIETRRlwNg1GwZjT9hMKNyeQ
jiusus,,"AMyo5r3pDNM-UU1u7wTYytJCwoO6ZcbgtXbcs5SdpCmkMFslnXqmAx5s4Vjj1KeR_RSfdPfVgt_U733KuKyYkX0FPWRJterf9A,AMyo5r1fYlzqCdpXUNNK0TvmiKQWuxcTmm1UhdtkF--LI5x8S3JxdS8yjpX0E0XRM794irk_pkiaR9LWAxausTcXVcsF6GK2hw,AMyo5r3GhoZXRKDeXYrFjlUavJy_GR1xJQysnwLrZDNXxJogn0wtAG0VXcHGKxHMiPzbfZfGLhV0iPClRWHE4HyUr7Ci5rieAQ","AMyo5r3Csi32TjYZPQff3xT6H3ODDUhisCz_EyT0vTbeXIDW9buXorpYIuxIkjY0cCLBu8aBWpDq3cNtasQiuFuSL3QwgTcAlQ,AMyo5r17Kfpdp_jL_agvXdvvoh32QbZgKwUxdC9tag_1Tk27S8937hG9QXDRg917RUWw7OXpUtdXdvaYFPkpoAPM1RxTWBod4g","AMyo5r0nsqB6bl-AQ214p5NcC2eKQdWbMH1nJTSUHUlfqF1ZWdSxoQx2NBKDlqtsBaRshgD-LiLgsO3EqwLyAEuw5tmUnzl4xg,AMyo5r2vlBs9hy2VCaKZYIVViVwxFcP2aeGBS5Obk5P-O7NuxoEAv0j5dNJpdt0YNyAuNPLu7VAFRRZN4f6vOQVP3NGSfnrhVA",AMyo5r0MZJEOArTwJx9_5yqekiPG8N1RsqwPEeUcGG0WbcC-_b7XvIVJa2YXer9bTZYTeqnCSsGQoemUOcwBCGM6lNr6skgu3w,"AMyo5r0nza6wZxcCDU_wxnsiE16c3DcoVvl1UgoIrsyL0t7umxi6ohrXheSJL2aZDO2YijJiNpFcZMxpz8iYN_I4wMdcViwvXQ,AMyo5r2zW8RvpwgWOqS1GOHmxwb4oubRB2MHRjKe3EtaIdph68Xiu0Cpbe__TS0RotRiu-b3XgOzykOERAcWo10C5W8PK5q5qQ,AMyo5r3iYeBjTc_aKx_TYIhDCezEQSSJc-eCQ8yKVjaN98PydQwL1XtX8P7hob1MOC7gVSsyeEWW_Jhyba-SIRifN_HUigH0ng,AMyo5r1Ats_ZdXRQSjjji4PfmawD4TH2vrR3Uyjlho39ZVkIc9MGiptYXJCyZyIMF4HAyQRzycNb1JdKc82cFdK-f8vemGZ1cQ,AMyo5r30eu7U7PXeFvRegW0nJCXui5igIJUPnpDBa-FTwM5oiQD1rw0RO_tNLm3HoGM4FmugF9ftbpf_kk8ASwn_c27-GZM9XA","AMyo5r2YpokySE7dnVWZ53mBZDwSRpqkIcEJNSdew9RgbiSLjlxFdRs8SLANPeorRUIOk5L3PfdRYwzrv7bY3-78bMZ9Vz4MXA,AMyo5r0ekKx9BTASS34o8EMfeiDWIwebStEu5xY-7Bz2O8V91MZu-06ftip-58fzFd2jOEl5SHJrtXzKwiNHcZayMrrc82Np_Q",AMyo5r0bKxhCwEXuBUWCI8riB1mIExX-fu1xh8b_P329HXpvxFZaecE4y1QkvwSZNQXBhAseEY8k3P0fvDJIViA-GuaoVEcicA,,,
chimu,AMyo5r1OAMjYggF7XWhz3_lptl3msIcJDc7_v1Bva7ifhPLkysIU5HhodevwkL8Eo-3vbwe1JY5ttbbpN3ZZ_1RXQ_2m85YUxw,"AMyo5r0qFdm0Cte7QqLIyaImyZwo-VtPD3HlQ2E2htLves39859t7RC6PRS74MiGjNrLZCMDQW6KVrNusTMKFi07ocYacnbOyg,AMyo5r3pDNM-UU1u7wTYytJCwoO6ZcbgtXbcs5SdpCmkMFslnXqmAx5s4Vjj1KeR_RSfdPfVgt_U733KuKyYkX0FPWRJterf9A,AMyo5r2jk-9xMlz1YI98TsAhC5goyqICSJSPV_GXqsOu6n-FnXNU1PXZkE3PJ6Uk3VSsCf1CWupkkdQCaxfbOEhjT_DnXcoY7Q,AMyo5r20z5Sq9MPWkw8JptTAiTqvcrVjKTiMBbeljZPec5_6pArSau_MXtB4wKM4nO78g4z5YEmlvyVKosb1zwSzElkNFFvnqQ,AMyo5r20z5Sq9MPWkw8JptTAiTqvcrVjKTiMBbeljZPec5_6pArSau_MXtB4wKM4nO78g4z5YEmlvyVKosb1zwSzElkNFFvnqQ,AMyo5r1fYlzqCdpXUNNK0TvmiKQWuxcTmm1UhdtkF--LI5x8S3JxdS8yjpX0E0XRM794irk_pkiaR9LWAxausTcXVcsF6GK2hw,AMyo5r2jk-9xMlz1YI98TsAhC5goyqICSJSPV_GXqsOu6n-FnXNU1PXZkE3PJ6Uk3VSsCf1CWupkkdQCaxfbOEhjT_DnXcoY7Q",,AMyo5r0nsqB6bl-AQ214p5NcC2eKQdWbMH1nJTSUHUlfqF1ZWdSxoQx2NBKDlqtsBaRshgD-LiLgsO3EqwLyAEuw5tmUnzl4xg,AMyo5r3BSpViK_DP3-5INBRsFX0p4OIeyGCL2UZQ_a0GAU_a9EhcXC3DoHYutsP4wcp_iKoEnDfIrwnO6L_KM4dmjse6HBPhgw,"AMyo5r3iYeBjTc_aKx_TYIhDCezEQSSJc-eCQ8yKVjaN98PydQwL1XtX8P7hob1MOC7gVSsyeEWW_Jhyba-SIRifN_HUigH0ng,AMyo5r0nza6wZxcCDU_wxnsiE16c3DcoVvl1UgoIrsyL0t7umxi6ohrXheSJL2aZDO2YijJiNpFcZMxpz8iYN_I4wMdcViwvXQ,AMyo5r30eu7U7PXeFvRegW0nJCXui5igIJUPnpDBa-FTwM5oiQD1rw0RO_tNLm3HoGM4FmugF9ftbpf_kk8ASwn_c27-GZM9XA",,AMyo5r1ojRIYnHUSYwLH8om3J8dkJ3HIeagkC9oimFhk9j5yf4Uu-4lV_aqlSsXN_5f724HQqFMGS9JfCdumVqSkmOYmiJtTVg,,"AMyo5r0LOacW8qAZyyHhTF6cAjVYV6-xGMimD3vMA01JAVuBviFMTodCk57gH0NCNg-fint8NhSD4qhv-jRx1JBVg9FCfd6BZA,AMyo5r26bEKiTlpLn6r6toO18aJVmKoUyQ0ev94mFLFKlvRi-R8obJXFE0q9DEZ3UMvtwZW4NQgWkZrt8yf1AcjEenfGr5jgpQ",AMyo5r1AYoKP4nmlMQJmZYZpwkB8ymX43wd9-ktJ68oUBo9_MgHBxIg48bASExSwhVB-luBsHI9dxdK9jHr-Gjx204tUXxlwVg
shirleyWhirley,AMyo5r1OAMjYggF7XWhz3_lptl3msIcJDc7_v1Bva7ifhPLkysIU5HhodevwkL8Eo-3vbwe1JY5ttbbpN3ZZ_1RXQ_2m85YUxw,"AMyo5r0qFdm0Cte7QqLIyaImyZwo-VtPD3HlQ2E2htLves39859t7RC6PRS74MiGjNrLZCMDQW6KVrNusTMKFi07ocYacnbOyg,AMyo5r0sLBHU6TuIa3FOy9TvZkrKYeOXFlEoQCux7nx4Izg8d4VLbxgaeAFOS9CGCeE8fgP9M8DEl7CBoEsCMTY0D1CrEGX_hg,AMyo5r2A2q_sGIPJwlsbb_KeIAPgojZKOVwR3p6jeK8tgc9KbsnpHmFN8QtsS5HYpiJHDjJrfCy0UQHWFhLsihWGrRUXUBSnjA,AMyo5r3E-FNomFJr8PIdjwmeLmysgUJr0WRng3wZThI8uNOEK1R3tA6cro-DwaMRcLWs7TQ5Wuhu8xVH6X7AmZK2T0Oc9YIg7Q,AMyo5r1NB4lTm6WVo_nFJvI2Umj81g7SYHXSv5tXlVJGxMlSO6ufnWFPa5h2XiEDLgF6vPQ8uZ2r8Rag0MNm0jXVjZkKj0mzdw,AMyo5r3F5CkPc8GU7N5rF4v6USDOCXgS02yjgP2u7ueE1-VrNso9OUs3nhZ0lJGww6NVsQOQgvbwd4sNo6O8BOPM3BVplDsQ1Q,AMyo5r0pNvfC3rrQ8Zv-rtKWr5-m3X6AR6ZnwoDKGDK-hQu4jhjCzAGdeQ8UncKBKKzYL84AtBLEuVqE0IAvSGyvpPc13q9sXA,AMyo5r0vv6hqxeH61BvZ9OuOJTr8W8xDF_HXkBakGmbE7br4QtYdSiwTo0-vhrb_SGJr4yFXG_fDGDgqwWKDHuPMcuASEw2mhg,AMyo5r0FJZqgkywKLzNmsiU57nHdqJmNNeMJE7qprD8QVZ41PiNu5H6fu7vpRKI5U6RH7PmBsYUp-nRnZ7i9q24eDMOCCs_FeA",AMyo5r1zDKDEwmXWmKCnRwK853BWwykP4sQwlQSv4qBFEJP3Ejy2pLoHSq4TuzNiq1zwD5-INQpFvIjc0d5i7YpFNjMPHGL1PQ,,AMyo5r0MZJEOArTwJx9_5yqekiPG8N1RsqwPEeUcGG0WbcC-_b7XvIVJa2YXer9bTZYTeqnCSsGQoemUOcwBCGM6lNr6skgu3w,"AMyo5r3h-ufXHDGqqzkc6MjywR65T7_uGc4bUcSJATwHIhZZGhSRl3SVl7DuGUMUBSG2mfhY2ukqzXJST_CIGJLjimSrzYtDnQ,AMyo5r1Ats_ZdXRQSjjji4PfmawD4TH2vrR3Uyjlho39ZVkIc9MGiptYXJCyZyIMF4HAyQRzycNb1JdKc82cFdK-f8vemGZ1cQ","AMyo5r20t8B-sKUX1Ixx1-xLfOGZGkiwLLaTM8A2mzpUNlSQ5BaJOYnehQfKfUjrjSWRjgkJHbv7mWxEXrBjqVx89OjgGesg5Q,AMyo5r1Z1Xpa0aglajGIONtTcFm9RYPGj7M76p2rsnSoPnImZcBxJTu-F1rCCeRnTFVRXhSFnqGqsYtlgEeUjXCGprTbkQ2V0A",AMyo5r0bKxhCwEXuBUWCI8riB1mIExX-fu1xh8b_P329HXpvxFZaecE4y1QkvwSZNQXBhAseEY8k3P0fvDJIViA-GuaoVEcicA,,"AMyo5r1kzSzzNZeFn-m--UHcy1BR7-6rKGOqs_e-ELZ6bU-92HXRqcnVLeYOQV6CZdFbjl19x28cx3dlO25SWCnx5gkjqDDd3g,AMyo5r0M0GydSEFjSinoRfMQGk0pO0xVgsIARz8znk6dGG5hsLPNH7G7tycYlNc59wnUzJtUslBhqAPJ2uB2zeL3ltkV0g67nQ",
yuppie,,,,,AMyo5r0MZJEOArTwJx9_5yqekiPG8N1RsqwPEeUcGG0WbcC-_b7XvIVJa2YXer9bTZYTeqnCSsGQoemUOcwBCGM6lNr6skgu3w,,,AMyo5r0bKxhCwEXuBUWCI8riB1mIExX-fu1xh8b_P329HXpvxFZaecE4y1QkvwSZNQXBhAseEY8k3P0fvDJIViA-GuaoVEcicA,,,
dumbestKid,AMyo5r1_3GTkr071lGpScAt17J2F3YDgGGAFDUbXKjJJ8yM426v5X2K14DGtPUzIV-ooj4fAS0G7kEmKL6hIrO_duVziNFuWeA,,"AMyo5r0fkvFX0vKdkTIl_UT1eZE09WwfB3rISDNvkP2buUUUDu2fcZ4Hytuzl6sNFj1CeMqXc0QGs4OQTR55amxWTjDgZFAE3Q,AMyo5r1HgthdCn4Tlxgh6owvx_OTtPJoxH8jH-FMgEFJ0aaKzpwCe1vi_6plN-CjEGvCNHfQ49bEQ5yMYcvpABpqIT18MLKv1g,AMyo5r3aynuG0-7kjylkoqf0yf1FhknLrC3Cn4AN2p7LDqEH9uimXLMuK5-JGf0hmpy9EkvD9oty6hllggVPvzg_rl1pxsNbBw,AMyo5r1ueVfMidB7U2sPkBnzY19NSFp4n3lJFb5qY1f0jM32JScJUn5OAaa9ymiDxwtmuV9tbQwt0fw6AJu_BCdtz6oPlK0UHQ,AMyo5r3B___IOf1q3gKDALQYTqTOOWk4Gx4Kk9aFkSwAg_jvowKUNVZf-i8zaFn9xTaiOSd_DOhWTf0zb1vpwL3K6DXjaXaHRw,AMyo5r3_-xR0Y3zyd3VMYMOReyDuTKs7rJ-r4X1O5yIdZoMNkE9649a5ZCjY6sojY9OoGs7yEty9Ijsk7acYAt25bnF5tSkJ7Q,AMyo5r2uUW0VQidfrAFMjFG-_Rh6SGVoHnRm7w62y_oj0pZZou3E3qZcihoDK5QZFyw-kWBSzbjZ7K3GQCD_eX9Jc2sGenLuKg,AMyo5r2A0ObXBMU6IR540znVnREB5GhzIimWkAIyhBxXEC6kgEzk4DppW1dj5z-V2YEROnlfiNLvdUSi_LTO1cHcJejM_7hS7w,AMyo5r17Kfpdp_jL_agvXdvvoh32QbZgKwUxdC9tag_1Tk27S8937hG9QXDRg917RUWw7OXpUtdXdvaYFPkpoAPM1RxTWBod4g",AMyo5r0hGLvYV0jyB50PAyHAJqISyW8NDUkWzP6ooJzd8vFohVLrw4-4eQ1-TRNcznGlJuIbzn2N6Cxu7p8DlUd326ApFvkH9A,,AMyo5r0nza6wZxcCDU_wxnsiE16c3DcoVvl1UgoIrsyL0t7umxi6ohrXheSJL2aZDO2YijJiNpFcZMxpz8iYN_I4wMdcViwvXQ,"AMyo5r0ekKx9BTASS34o8EMfeiDWIwebStEu5xY-7Bz2O8V91MZu-06ftip-58fzFd2jOEl5SHJrtXzKwiNHcZayMrrc82Np_Q,AMyo5r1a684KKfs5w1ut3uLdtSimFgf1vBgxNEyYGklZTNkIxDxCP9zgblaUWMe3LCECO9d1YZJgyCCh-5Z5tOarM3CRNVJD-A",,,,AMyo5r0-DuZ4P9VqNb64seV2vjWcF8W6WgRo9leNUXQat2wX8DCB3GyHUjQloMZX5h-dj3YcYfQQaZs0SamIrK0nR8cntOQ70Q
emily,,,AMyo5r3Csi32TjYZPQff3xT6H3ODDUhisCz_EyT0vTbeXIDW9buXorpYIuxIkjY0cCLBu8aBWpDq3cNtasQiuFuSL3QwgTcAlQ,,,,,,,,
other,,AMyo5r2YiLkDKK9A5vwoepwUpj0ViJxdf7UY9l10W2P0DP8nVEhQKiH41zJ3f9DCpd4jeDyiHR8ywCIfJn73pOGJhuII9VWnpQ,,,,,,,,,
