client,ANIMALS,FASHION,LANDMARKS,ARTS,NATURE,BIRTHDAYS,FOOD,NIGHT,SELFIES,CITYSCAPES,PEOPLE,SPORT,HOLIDAYS,CRAFTS,PERFORMANCES,TRAVEL,MISC
me,"AMyo5r0nq9eJSfI_F2h_hcwN7pZXUfxCUfkmeJwwuV1Uguhz9anqOSIX1HppaSJz8-gPNbU-40tHE6BaLmdfOrCn03uvkZ93WA,AMyo5r2T3bb2OftePLln3ZtMgWcuiikQyVOFQy7iz7ORQtZoGmKeSTNPQQSBEWdU7MulvTOJlBjESW3KBVOURT787ZIAHc8wMQ,AMyo5r1Mel45Ss7qJqiDpHrGCiSlPpjHp323oCuK06gDrqlHWKKV2pQx4RRoBShp8a7JY4ppZXjKfjOVfj2GQjAi1fDn4L95cQ,AMyo5r3Ep4Y8-BRgR5DQUu0kXTaDtdSQjRZZ0xQuaVF5f3JXod0ZFV7bPaL7hBDM6t7UP5j0BLKunojvX6NIbXzTBTEYceVvfA,AMyo5r2KLDTiu6XJKUVIpRejxWQlRZhNabnGrO8M9jrKcqoskc7smHGPZ4K_FD88N-zq6rFcI1QrrfX7GRo_JwIZZHyz30bVxQ,AMyo5r1DK5qRi4FyOJtSGFM9Oih_HpzfT67u6SpMt12vyKj1KJ99goSz4z5AT37lJqzAL9f7nHC2NUP40-392qoqI7sdanf7cQ,AMyo5r1jwS0kdxBd4Wa4-CubbtIWrDDU11bX3-Z2UREIxdZl89sPlQZejBEBxdfrjd45LeSBvJw2DPKP__XUfN-6ulYXtVJR5A,AMyo5r29tPEPsiYNxpGBC3Dr2PcPv0kF-57qcgyEl1wqMmD8Ey70FuJ3Nfy8UmXiwFeUhoyNEv9LG6W1-iZl5_jJH2W2YiEH0A,AMyo5r3KGmDMPMTf8i-2mZhzXhFF_9BlfQM_G_pjZYg1xOuVCsMi3u7Z0LYqjdCjtDwrfacBhGMgjJAk0r20aYthLxIIpmXmAg,AMyo5r21ttW8kwYsTBFvJsx9m-NEpe38Xcl0-DcQ2Gz2F680lZsILX_A2GhoVMq8CLPZkNhRfoUDzGLZKPCQJ7tU4OGmOQ8i9g","AMyo5r2CnRV7aLuExFzzuPS8w05U9zSc35tvx8s4kuLGCsmMy_heRUOpFG16UZ7cPSRTbXvZ2TOJ17y1gv3IAVJc50qoE6Ejzg,AMyo5r3nns_bVhbhhvzd55Vpd9LeA7rF14-mfitpDS23z2TAbmJhiiksoY98uLwkAFhuK2JKvwIRjWQO2GrCOpKAMh0n9zEbnA,AMyo5r2NZKGOshuppygc7z7R8680k8bR185ao-3fc8cM4ITPDX_JXQ1mwupJDPLo9l5Zvbdvgqtw1XydKNlwy3D9ptDrwoJAcA","AMyo5r3tQVz7VhhoOyUwsb2sqd28QEEjNScEOBZVjMItw4FhS_VWsN48Y7kb3UMz3EKQI4L4upwRZPzWrFzEGsqvGBcAc2mpnQ,AMyo5r0pIJEnI0Gp2zIcpiR9arWQPef6Klrm8eI-r4cOxmNhElWr6rOi17jnd7akYLbWyUdc-pks7eWoZq7PN0iFWYBUsDN23w,AMyo5r32qDkMWmrr5W1L1oekTTXQcd7ur61GKXPcN-_OyhBdviGQN6odPJ0jf29QRYhp6YYLlNZ2hpiA6ZeiA8MvjBwcM1puHA,AMyo5r3PJoBu1Jod9SF-N1LO8nVW0Ezzd4tFCnY334IIjI8_eoVF_EyhKV3Qbf8M2dYnIiehseMBgeRRBsjV0kK1qY36NJlILw,AMyo5r0maM6ey8JmH_LGM-CGipLApXzg4ei3A47IwHb8b8xl_mWm-hoQU5jwv364VVOfMU5Gva70DD-wS3FwBUvRFn0oSaciOg,AMyo5r25tNAIu8jWurmZ70iglXgd6RPRKIy3iSQWEPX3A8NoD-nNbefzhrz0DOTwKzTxTCXWJpt_3KZJrwUBSnJJoFP19V8Esg,AMyo5r1lU1g5EJgM0gc1EhyQEynEgQ8iAqRBTZd93DR5q3CCkLVTGM2SqFFsEGAWDmJqtlphW0DMGZZlj6H_c-zKWyUYFYfl9Q,AMyo5r3gHhqmaabJSKkyysTLVSbIBHUgg_a3mctXCfAYTAtkqP9q_hr3ozLkK_zPnasxxo5yKnRr6UAlG_LSBd-EG26rHVhQdw,AMyo5r2iri9FT8Z1-tOWxvhm6MUOpYID0mSmRXuUpjXQZWEtZohdO39Krb287fAnFnXlHL0dwVXEEDukIbaMxSCI7CC9cVe6ag,AMyo5r004oYwoLwyYFEz-Mx2YyZ9NO1MBIWqsKonCXkHhCNJ6xe4l7pYL6OU6yUSzYbbfzYy_DuuuJSd8M_yvOO6IQdcc7ZtpQ,AMyo5r3cdJkrT--DnkQc9SpHji0LEJ5F6AZVNOVoRfzmCdOSyhgg4AZX1aW0_ug6uO6i00CHdTx_Hftg8Z3DQiuZGU1UETFH1Q,AMyo5r0c63pxar9x2ybkMbBEwBhlIueznoa2bKaAcN_Pe2cBxzsBZoIXfTgreyW-NaT-QukLCTGIBI9rkzXKJxTHS_FX77WgbA,AMyo5r0fiAQu4ccb198uyjtjt0IJuKda6F3ZC72v4EtxGwMTjglvxltIQOrSttyqyEtPOeW3NTFan_L60uKqiScieuAHB0MlcQ,AMyo5r0H5ERsrqyA3w896t3xZVmtAsC1Bdee31B88st15WF4dEz0xEpqz8sTE84PgkMnmnYsFoEZ1zSOiGZtY8SoY7ia0B1KHQ,AMyo5r3UOIuAUpe4sxLv3N6SFuu_5OjWOmLjqvkr1GZ7dDJIElWNx3kv3EqRtq-4v0Plh8g4PXEeYHaurlxZNWyQy9A-HRFR5Q,AMyo5r3_SPTpdd_XeelaI-rWIJox8X4bR8znZen6KA3hWQNv3D0UN2gQqlIKavmsaimz2-T6y6SVgsFXltXt6sDV8vON8VITWQ,AMyo5r0X-rvkVL86RNixC_5NVZRxovFs9Oz1abQWBvZmp8KN0i5CVzsGZUvRhRAFAoFC_kOZCrZHN4XsNf4KPn7mxFb3pYUbBA,AMyo5r0wqXAmh3hMxweC7CFxujrode5k9CP0j7oZTlfVcQlyq9zxxc32F-q3-0zFGhQbfnC2C139sI-TA8cJNzsD5CeAMUEBPQ","AMyo5r27VZtNHaqRzZjg4k1v12Pq3iYFmWhiDZrFMIZwxXDvXRwQhnd7Jr-OCIFf7RxmpXh8RptuNXpXy169f_AEyO44WtjpHA,AMyo5r0pwIjOaHdyk4lx-LBQQ9zi_CvScgKhl6X5n0D2ObWkMHIRkdmK3fkTHHzuZkxpqRmAPnELvOAPiInZq_9Py6FjUYa_iw,AMyo5r2lWK0eKTn4qEKw34OB6ca9x-5gf-EPpw9oLS_EkTZ_b5BWX0nyIl77_N2B8C1dtByr9_1AWx3M3qK3HsFa7pCGdvOV4A,AMyo5r16MdvPtUiyX_pfUv8X9aqxeXCPBWacG7EEUfdQ3-ceiXMLzzZHSqeE-auhcIhWDnRDAWd5bb55t8hoiMjGAdCcL6ri6g,AMyo5r2CnRV7aLuExFzzuPS8w05U9zSc35tvx8s4kuLGCsmMy_heRUOpFG16UZ7cPSRTbXvZ2TOJ17y1gv3IAVJc50qoE6Ejzg,AMyo5r3mPYJFCcwfKfgQ0yX-Sib58xhe8J_Y_6cfpRShKW_geROy5LqvnidRSaxtU_D9GfQ29gOUh1qqOHAjQCX9o_qEQTRiXg,AMyo5r3TV_-g_BFVPjkcY3E5jZketbo6vNT5bAVjXCJPgO5caaI0y5XV-Yw5HQ5L2mcFmpklr36XvdIu2NXGaWm5Nu2TIql3HA",AMyo5r0wqXAmh3hMxweC7CFxujrode5k9CP0j7oZTlfVcQlyq9zxxc32F-q3-0zFGhQbfnC2C139sI-TA8cJNzsD5CeAMUEBPQ,,"AMyo5r2gxLg3NBKz_m2hi9W6jEniCxWRQW1KCXAymtdonPyHV6M2SFc2mF17-6iaDQM2asoCC81ZOK4_LjhhyRklaKV1zCRzyQ,AMyo5r0TUyAWiKhGqGsHVaG9-AzdzXeathsRvcRVLyxRD9Fv96j1dPS2qAfzutssL3CAvdeYO0t5AVE0FhKfXxOcN1RcQYZvjQ,AMyo5r1CXA1ToDVubn7PN6WrUGwUf-WWH9aWNGW39ZJd5b9vJiv2VoFWlOU82jSzzGLjZF_x_1hjJUZ0kd-XlTJueg2edCDU-g,AMyo5r0sTmBZDIZKpAOM47fsT-KBjsOlX2WMCQzQ_nZPKpfSHAbMRSakmZXBra7hA6RbQtvtk5le8qO_PKXmD4EpOvVIH_hy2Q,AMyo5r14Las5uua3v0QLvkHkiKhZ1yaxfGgYQMMXGaFTTIbIWTgk4t8pThSDtipkleH5R1Xh9sTCI3Sqv6_1kShMSYKx2r2lZA,AMyo5r23yEivj9HGsvnVbO7DWozcrUWI1rhQseVdS6XJqs1w4HlmES3o_dYMaIp022u1gObt1-GwbHqxaUrPXQ2i4aG0yCmdrQ,AMyo5r1Z3kSXpLhM187g91YV_Vl8Y54eOe1zBVftZufHcj7B-Hk2p5ZhMXOMWRgumOul50M71C73aLfWF0bb-cvm1_JrwftkDw,AMyo5r0kSctXkaOvZpgy1aiOiobwz5k3QE3ABK_F9knYvsrSQKArR7bFAPulzS96rN-EBgBXLKTrWTAiP-guKxSFhYPDcMBaSw,AMyo5r0kPQ9qVk8B__Tu9KbPl_G0EAydi7n5r0VaRGyBHZG_FuQkgq_AK92i53FO_w1KHh8zMC0Ec9TI4lEQF3rT7MmXWaxQ0A","AMyo5r07F_Jxg4ueaY61WEF80jEuyTr-GwIqSNFWfF2hAhTpvHm10SpoPf5YyeQRWgNKGIYXsrxg3l6xowSRabkbt54EugxMpA,AMyo5r3urq6-EEOXZx1XVp7iq0qz1aKml6mr47q-7HtgZTuzhvEaqJXuwxppF22mGg1eFjpZaQHgTagmUflPm5CaWQvxdr_qEg,AMyo5r2trZU100zOm8Hc__LKOwlZa3Bp7X-WTFyMSju-e-qNALSgCS0qOxaE2O205O16QMkM3BE2eM3zvVVp5nPhMK3dYHK30Q,AMyo5r0j5k9EX0JliLpnEyl1b3ELWQkOZI-8zfXHap6t2pFb1rtyJUXFno-aN5CANJMM1qolOL4oo_DIcNbAue0VsBJtm5bV5g,AMyo5r22hiVzxF0r7ehMFH54P9d6CHUw9n6tyH_i5L9BmAx_epf8mDbr-9rAk4-4uUCzc4xKJIabNr128Kd4zDaFErYDuKcpYg,AMyo5r1ATRZwgN9Uevix6pXY-6Q3SDIrdMVDbqt9LqHWWjfQx3891L4u5Ip5TKH6bMz090_YKcLgHvhbYuw3GVut4XGoSEG21Q,AMyo5r2gH1cFjQ8xVJW_clQvRG2FdfOEu6BzL3JoY96eTzLL1rBVd0V7nJcP-Pk_WVa7KK5BaP40wtH5MiQAbm038KMrramqVQ,AMyo5r31W6k8Z_Wn6NU5Eqc8i2TvL-4JAXLbgXJGEq4A3ILG7VZM-kAXglAJ9khpIl-0e4ZCOX9ujxd7qjgeihxAkCsqMzFp2g,AMyo5r0mc-D8__BsPakOjf8qxd-EamV42RsTtBhp3y0mp4zpjEsK53ez-pRRyGQVL_n0HrkGF7iMxktycfqIhE5LBRNCoEAxYA,AMyo5r33X1Z0LlYd422qIVG27jIZVBuccgkDbBofWxSYY3Zqo_6xdtnEXR9wmz7hwOsfDFakules8-a9ZKRbaOmtG62HtNxzeA,AMyo5r1GFreJnacFgTbhHF8RML5BQVFH-QqtAspcT_g6c-B5BGeIU2KacmO-Zu04DZh1l0EfY7QLNVbZCb45PYuiNAxjs_geUg","AMyo5r0c63pxar9x2ybkMbBEwBhlIueznoa2bKaAcN_Pe2cBxzsBZoIXfTgreyW-NaT-QukLCTGIBI9rkzXKJxTHS_FX77WgbA,AMyo5r38hdZo-0kqvntkyNg0XGnRuHEh_z9ibYRzX40E0HJONDMTY9nno5Cbq8-15QbC_uXUQWw05lZbLd1Jdpx7q-Cfg8RzMg,AMyo5r0H5ERsrqyA3w896t3xZVmtAsC1Bdee31B88st15WF4dEz0xEpqz8sTE84PgkMnmnYsFoEZ1zSOiGZtY8SoY7ia0B1KHQ,AMyo5r33WirpVpC4Ooy7eSt30EcaodNa8NfPa_kUZjsssb7SqmnkRSzv12i-U8OlkS3h_KPAaXZ0qhJz0RxrpCvsxdE97hxbVg,AMyo5r1qV0iTa9fVfCpi5OU8JhoK7CWg0XiCp1rdH300R2jBGc3Vn6C7G9qd_sW4GLkvx-diIGEDSlUMOdDshbnw9FJJFBw32Q,AMyo5r2vkfml5murZpU8o6Ke_3yJcfw5_4JtSZnxnhJq3Bxe5CwrdNweg3JoP-vlZOxJpTO2qQOXY3VdjzYpzBSEV6C6X54WnA,AMyo5r0YRQ1NjYot8Nda28gv8FXXqUNv4pNzh_Wb25PWzfyDrBZSj_2jzh_z0Kqt-fWG3qjaheXGRXoAiswbJ8oVzBrwCNSUYA,AMyo5r15OsCVzMsfk0_C18nI6z80DdSJgUYPKOY1l6JwTRt_n7ZxzUwE2jsddXll4CC0J7GUl_NFSqV2mQw3BcR7M5NlK66clg,AMyo5r0fiAQu4ccb198uyjtjt0IJuKda6F3ZC72v4EtxGwMTjglvxltIQOrSttyqyEtPOeW3NTFan_L60uKqiScieuAHB0MlcQ,AMyo5r11CZrw_TYEarQPktK452ICOEv2X08JvGJF9DyUFcoHHYiW1UN8ClrlQxSwQtFlGfmI-lGCUU1uFljzR0Gf8VIzQLkMjA,AMyo5r25tNAIu8jWurmZ70iglXgd6RPRKIy3iSQWEPX3A8NoD-nNbefzhrz0DOTwKzTxTCXWJpt_3KZJrwUBSnJJoFP19V8Esg","AMyo5r3nKQ75qXzCzCwJEVF9Lmu9M-snO0IzTuKT6BN6uuT0FPg1qUWtAHO238X_mU4XxSW_4kj6yq9E8z8FQtLlUdI0I-BhQg,AMyo5r1V9KVyCB7_oEdTlNk0Lp-7vIKKs4JQJzQzrOWccp8rcEJw5ih8U__Gs07VVW0_e07I0ys8_zLi_vMhgPYsjoqKlYXj7A,AMyo5r2NZKGOshuppygc7z7R8680k8bR185ao-3fc8cM4ITPDX_JXQ1mwupJDPLo9l5Zvbdvgqtw1XydKNlwy3D9ptDrwoJAcA,AMyo5r2DVvhvrCRE78vz66eCcb9PF4tiLe_nO2HE63bUBHgaq2Y5AU3ghwtms6cygBFbLwAH3CfiOpQD3UegILTNMSGrKvFYvQ,AMyo5r0mc-D8__BsPakOjf8qxd-EamV42RsTtBhp3y0mp4zpjEsK53ez-pRRyGQVL_n0HrkGF7iMxktycfqIhE5LBRNCoEAxYA,AMyo5r2D-rWYamPAyDruFBY3XdbyvOUY7fVCanIBGyIabqHyKFxkGBHmidnIIBUIADPk6QGlnKlWfdM78MwKRFXf1qP8t1IEbg,AMyo5r0H5ERsrqyA3w896t3xZVmtAsC1Bdee31B88st15WF4dEz0xEpqz8sTE84PgkMnmnYsFoEZ1zSOiGZtY8SoY7ia0B1KHQ,AMyo5r3_SPTpdd_XeelaI-rWIJox8X4bR8znZen6KA3hWQNv3D0UN2gQqlIKavmsaimz2-T6y6SVgsFXltXt6sDV8vON8VITWQ,AMyo5r1PE8alGcIYwKUT4xYCbxNshHB46Q5BotUYZHtZ4uBPy5ESROIS7aZZgBgUCEVIzhMpi0UNFdZ0T3Qc6XJkqs1QlNjGNQ,AMyo5r1GFreJnacFgTbhHF8RML5BQVFH-QqtAspcT_g6c-B5BGeIU2KacmO-Zu04DZh1l0EfY7QLNVbZCb45PYuiNAxjs_geUg,AMyo5r0P1OjzUxlytjR68J6gINA7tSR3r3roHAkRF8KYjii6FB5LRhnQnAPdq6djFK7C0KN7YUTLHYmCdw6_I3Q-T34syNfxdg,AMyo5r1YdkxYpcpVGOTCSHXQ2gVAXHqGuhwylGTHym7Mj_FE_FMkGBJNh1pLs3IIt69zgBaBdIn8Ya2dp_yPiFZRT_5QQwp-Hw,AMyo5r2aDkG9t-u4tvCEYFRy5hk5ABO_7iftl4iBOUTEiPkhU4SzmqQGzsW8MCFhOg4kwh3UBrwDE9WSJgXU0a4RLVNQOD-D0Q,AMyo5r2k7F85dawoxFg-N32zFHE_daWzhZN43HuV3UtygAB_pumOrpvKw5f_rCUb-EwQDOR17BANerZAs1vLkbAq0rkI8cJiuQ","AMyo5r0YRQ1NjYot8Nda28gv8FXXqUNv4pNzh_Wb25PWzfyDrBZSj_2jzh_z0Kqt-fWG3qjaheXGRXoAiswbJ8oVzBrwCNSUYA,AMyo5r3gHhqmaabJSKkyysTLVSbIBHUgg_a3mctXCfAYTAtkqP9q_hr3ozLkK_zPnasxxo5yKnRr6UAlG_LSBd-EG26rHVhQdw,AMyo5r0X-rvkVL86RNixC_5NVZRxovFs9Oz1abQWBvZmp8KN0i5CVzsGZUvRhRAFAoFC_kOZCrZHN4XsNf4KPn7mxFb3pYUbBA,AMyo5r1qV0iTa9fVfCpi5OU8JhoK7CWg0XiCp1rdH300R2jBGc3Vn6C7G9qd_sW4GLkvx-diIGEDSlUMOdDshbnw9FJJFBw32Q,AMyo5r33WirpVpC4Ooy7eSt30EcaodNa8NfPa_kUZjsssb7SqmnkRSzv12i-U8OlkS3h_KPAaXZ0qhJz0RxrpCvsxdE97hxbVg,AMyo5r2vkfml5murZpU8o6Ke_3yJcfw5_4JtSZnxnhJq3Bxe5CwrdNweg3JoP-vlZOxJpTO2qQOXY3VdjzYpzBSEV6C6X54WnA,AMyo5r3nns_bVhbhhvzd55Vpd9LeA7rF14-mfitpDS23z2TAbmJhiiksoY98uLwkAFhuK2JKvwIRjWQO2GrCOpKAMh0n9zEbnA,AMyo5r0bhpa7r8C1aFmEbXK186dkgT97kAF8NBAv21XxiNQdC3ClL1UR4507qoe15YupjrGMh86kYcFs5CUAqya-ahIditpi5Q,AMyo5r1YdkxYpcpVGOTCSHXQ2gVAXHqGuhwylGTHym7Mj_FE_FMkGBJNh1pLs3IIt69zgBaBdIn8Ya2dp_yPiFZRT_5QQwp-Hw,AMyo5r38hdZo-0kqvntkyNg0XGnRuHEh_z9ibYRzX40E0HJONDMTY9nno5Cbq8-15QbC_uXUQWw05lZbLd1Jdpx7q-Cfg8RzMg,AMyo5r11CZrw_TYEarQPktK452ICOEv2X08JvGJF9DyUFcoHHYiW1UN8ClrlQxSwQtFlGfmI-lGCUU1uFljzR0Gf8VIzQLkMjA","AMyo5r0gpmd3TX3F6uNTfZ8IXq7n3vvTQj1elBMm0QGioZpHpH52KfJCp9yLeMoXqSDG3MdX_f9smS5zT6XVQoBcJAZ2216iNQ,AMyo5r1OOExivOVg5xJ3BfTsxAxRAHn6K6dmPYpRvCXNbofCdZvOO43TVLi2e_Vm-vo5YpRHJqtY0VKKOHG9Euj-3LoOB2fXTw,AMyo5r2hOJFwHEFiD31Qb6-_EqusB88ZwQsAAYSC0S_KYUp3Wo376NKp3rMZX6ZBwL0K9Mz1rozqgH5ch6uSrx9LvjbsbFKc7g,AMyo5r2QL-xSPMXVbWj2_QdWcK0X5dEyW9HXOuayfzB-3-IfsF5Eni35R021SzR3XlxuLzLjrYRUwkp-hB-qg1GLwOwJ7yuwZw,AMyo5r08LDwgAc2-kxklCH47-8csdQBbApdVZGSqw8Y2neAWfdSMbj5B4NlXSBd1tc_3htoah0p1RiuDoscL5R4D32d0EFKxBQ","AMyo5r31W6k8Z_Wn6NU5Eqc8i2TvL-4JAXLbgXJGEq4A3ILG7VZM-kAXglAJ9khpIl-0e4ZCOX9ujxd7qjgeihxAkCsqMzFp2g,AMyo5r31IDsdCJLHD4LgE7JdXbAURV6c45362x92K6Vn6FU5mXk4TI1-jn6upzH9MoV23xicttnjTzZlBdalo_Li52coukd6Yw,AMyo5r2neItdit7LorxUtVIh0jGwK2I4zs06KEoH6xVVLsRRidlnOAgYPS-AOOcwUE695C6-npWb6uD1y06BFHBcHo01DbCgfw,AMyo5r2trZU100zOm8Hc__LKOwlZa3Bp7X-WTFyMSju-e-qNALSgCS0qOxaE2O205O16QMkM3BE2eM3zvVVp5nPhMK3dYHK30Q,AMyo5r0ZPatV-4AXSvu_sBqUnnFMOh_6Ljr6ZVpiaQrey-1AB0zBo84T2PrcK54MUX6FCJ0cpqc0ZR8an8hhhr3yXoTbt5JGLQ,AMyo5r2gH1cFjQ8xVJW_clQvRG2FdfOEu6BzL3JoY96eTzLL1rBVd0V7nJcP-Pk_WVa7KK5BaP40wtH5MiQAbm038KMrramqVQ,AMyo5r287cqL6MjSGwNQfKLIkapmn0sjjxGW3VQ09_TAo8egd8dPqFqxO9mwLsRPTUj_TCE3s04FFD6caJicz-f6M8rqHDVjog,AMyo5r3Ep4Y8-BRgR5DQUu0kXTaDtdSQjRZZ0xQuaVF5f3JXod0ZFV7bPaL7hBDM6t7UP5j0BLKunojvX6NIbXzTBTEYceVvfA,AMyo5r1-wHV-8fxFSynZirCb0ipdyNB4wzLrQHkRURXM24tfYCw3wJqDcMVA88QxMF4vjSdGOW4VJorf_YeX_lsuoSd0V9ihbg,AMyo5r22hiVzxF0r7ehMFH54P9d6CHUw9n6tyH_i5L9BmAx_epf8mDbr-9rAk4-4uUCzc4xKJIabNr128Kd4zDaFErYDuKcpYg,AMyo5r0L2yef5lxhP19RF6kTAwPVffT9ExdViDeK1I-z45EWgqEWOGMLlrYI96EgenjO4NtA70_OqGrvrbvpFp_E3cC6oII5Ag",,"AMyo5r2LW6rVTqQoVAQ65VdgcN9uTxd_Kd8raSddM8uj8uwrNJv3IOr3VCU5U9aemcgcRH-i-59NNlkK4klfeEI8cZtficDFiQ,AMyo5r2Or-VSU9qZ4wqgjlLe1kTeV3KNY0um4bYCYvtOVVSS_jJX9i1dlr3zHlfCOHnWmAvvK6na9AA2sLFOyiPapQZysF0AqA,AMyo5r2d5Hj2Yv0f-5tDzVOKxabqBEDzJpfJuyKI7DT3STz_olgnrigU42SWmqqJSopF4ZD9T6tsUX9uBLNmDXPGPubUm0N3vg,AMyo5r1N3S9Wd7zUI_HJnKATE5X9w7ygzAJ5vxwF-WEH7gVRD_FO-5xFSOXBLd_SI8RhtCiW4df6NYanM5XckAIX3cVgrPDxnQ,AMyo5r0GXDrwygAl0f3P8ZJtviASE7-XnhMXQxGvvJe9sp6gXAAa0FfWZaK3ANMcG13UM9-KDM0QT-KIiQ7bDPvdrJT9EKZnVQ,AMyo5r1EMwQAFpgQyESaobiLMrqzP__MLDW7wQ35GgMaoLoiCucTI9g8mqj_UYHbb3fwBGgw4-WGWJm3mmWKtlDfTlxPKEmkPg,AMyo5r3PVZCDV-ryznVl9eEU8y69qTtQoJWeo3FMFeAOBZqXH5mJeh0lQANgKwh1hnsffoCRX9K53Owar302uWDOOvp-Z7KOLQ,AMyo5r1Rj-dK-umNWPhOUpIrmtRg1gQsJX8i-eHiOIb1Sy8kHbFBiSw65b5ikZEZk05OnzWXIBeD7OBetLgzw5WiShVcZVxcUA,AMyo5r3WVjt4OHPWVWOtj1CHvtFWJJ6OyAwf1LfMLg_5nJOHPEYZnDMlyJnMFPtxxhZOqumYaCpNEq8PuqmF2KaFU-iyz46h9Q,AMyo5r1-w3b8StquAQ_XPodON1BgqeJl86Chmyll8l8g9kqOQba_nxdTBaCVvC_ddW05YMEDDp3qqNK5YDQHV4LiwLgJgoxSNQ","AMyo5r15OsCVzMsfk0_C18nI6z80DdSJgUYPKOY1l6JwTRt_n7ZxzUwE2jsddXll4CC0J7GUl_NFSqV2mQw3BcR7M5NlK66clg,AMyo5r1nbBr8ke0Z0d_SM62eIDOa1EPAMTDhb52loWNxK3g_c5jGlelS5dk4_UYi4f2vH0sFNpGSEGO5rJig77DQC_MhQpZi2w,AMyo5r2CnRV7aLuExFzzuPS8w05U9zSc35tvx8s4kuLGCsmMy_heRUOpFG16UZ7cPSRTbXvZ2TOJ17y1gv3IAVJc50qoE6Ejzg,AMyo5r2gxLg3NBKz_m2hi9W6jEniCxWRQW1KCXAymtdonPyHV6M2SFc2mF17-6iaDQM2asoCC81ZOK4_LjhhyRklaKV1zCRzyQ,AMyo5r2kxyAN0nKDssTIsQkeTBUreJxe7ekOT_ni4eAi1RP6zpz9k03gT0r94r4IJT-4JRsXgXHDrz_HwlEihqyeHozsfDcCmA,AMyo5r0kxvKCFktuSmG1ztSRkLFnTxGdI9Sl5JPa06W504TtrDg53LuMI-6jpP5I4yUXNc1r7iuv9IQvvihOWG48mXMTLA_a7Q,AMyo5r25hg-Kl33tUJ1PYoieuIrauT70Mf2WIKyOx3EIL2HXgrGyWHMZqlvAMk8vlR6KVlk6u-roLgE3RPDftrDk1FCBlDmSkg,AMyo5r27VZtNHaqRzZjg4k1v12Pq3iYFmWhiDZrFMIZwxXDvXRwQhnd7Jr-OCIFf7RxmpXh8RptuNXpXy169f_AEyO44WtjpHA,AMyo5r1GFreJnacFgTbhHF8RML5BQVFH-QqtAspcT_g6c-B5BGeIU2KacmO-Zu04DZh1l0EfY7QLNVbZCb45PYuiNAxjs_geUg,AMyo5r3TV_-g_BFVPjkcY3E5jZketbo6vNT5bAVjXCJPgO5caaI0y5XV-Yw5HQ5L2mcFmpklr36XvdIu2NXGaWm5Nu2TIql3HA,AMyo5r20FwNm-ygHSAG_L37Iw_i2CurqlYbNe2h_Hqb3YvadZjK-oKxMv2_0584kVhvrM3IZ5T2vwVzzohERgw8BfjJgHktSqw,AMyo5r0P1OjzUxlytjR68J6gINA7tSR3r3roHAkRF8KYjii6FB5LRhnQnAPdq6djFK7C0KN7YUTLHYmCdw6_I3Q-T34syNfxdg,AMyo5r0pwIjOaHdyk4lx-LBQQ9zi_CvScgKhl6X5n0D2ObWkMHIRkdmK3fkTHHzuZkxpqRmAPnELvOAPiInZq_9Py6FjUYa_iw,AMyo5r3uOkpOMTUaz88PyonnfR9L0dh9D77fMh-VNZLEVMG2miFsnlB_BGAYZREBf9SGhnk5f4W3hDbkYlc72aYHigHKuDnl9Q,AMyo5r16MdvPtUiyX_pfUv8X9aqxeXCPBWacG7EEUfdQ3-ceiXMLzzZHSqeE-auhcIhWDnRDAWd5bb55t8hoiMjGAdCcL6ri6g,AMyo5r2A12ixrSXpsQK_WkWrcQuu8LUtiyDQvfmrMgzuhk-Ok53H-8biKY5WlbfE-qDHLa7xvju8Qa6q28qG3wSkUM2AYI54wg,AMyo5r0mc-D8__BsPakOjf8qxd-EamV42RsTtBhp3y0mp4zpjEsK53ez-pRRyGQVL_n0HrkGF7iMxktycfqIhE5LBRNCoEAxYA,AMyo5r33X1Z0LlYd422qIVG27jIZVBuccgkDbBofWxSYY3Zqo_6xdtnEXR9wmz7hwOsfDFakules8-a9ZKRbaOmtG62HtNxzeA,AMyo5r2lWK0eKTn4qEKw34OB6ca9x-5gf-EPpw9oLS_EkTZ_b5BWX0nyIl77_N2B8C1dtByr9_1AWx3M3qK3HsFa7pCGdvOV4A","AMyo5r09NtRccqmXGJG4uryBGYelPv0NuHJmguz-hi8WhbZkea_YfDgNIVfyjppikBXhqKojZBFsgFpUClVEsHBBMOQLgVvljA,AMyo5r1yVqv9TVlw0VLPbidE7mYeilBOFziolGVWBS9NEjR8TLPUTDDrNlXyByGJuVLUDRLiJyqkAATRK929jyCKxXogHCVqBw,AMyo5r3qgjj1h9iazwrBAqOM67JA08iVwStLrKiWoRncsNifoSw3Ley11S7NbPHOihOFRxiMsBhbVEx-iBkdnjxSiRWu6cByJg,AMyo5r0K3gkhmePhVQoWJbu2S7RvL3673KWfCdGYrlYV3lE_05d9LDzNE4eVsEH10El04adk7i8c9aA65_eKRuj2c7SSbbCoWw"
girlBoss,"AMyo5r3sZtCVyIUqyBcK7SfeTNscKSMuC8Ot_PTRQrAs68iVgqXWWmjsrNidbejITbbPB0lYz59YHSWcok66pQaSa2SRh_7XFw,AMyo5r0AzRyng2iwQAyo5XxA4s14PSR65DgC_65p_wpXrDUgBzUH8JIgJRP9-vpdEdVTc0mr7DRmmxbQmdQEsDj5qw6Dr_GXIA",,,,,"AMyo5r2BxZVSu-4wDjjPX67_yw3iyJxvh3x6CHqzVqoIBRGNEPIymM-jEzLwke5uCSP66cwLCsl5FFRL95JUQQtUuI5K2RnojA,AMyo5r3nFqXAhIx-TfsyfWlP0H1FUlai3Z1bLCod_7LgMK6HOFrq-VAL2wII3xtYuU1RVv9mPw25m1f8aC_OadlphNw_jgcTTg",,,,,,"AMyo5r0Hs9PXvZthiCQDXzc58qkQHAJsp8pI2cUq4UZ1HwCiJb935MMD5Se4RJT2VUtWEhUAM-0dvr1BBI_1U1ue3zT4C4fFJw,AMyo5r24q9DWRlQzxafGJxDUIuXATBXcITplgKjvkoTYS7vcfSBdK-gCrsFFNatquyRhg82-HJ6lO7aX22yzbeeYdVMKmlGXug,AMyo5r2PVAStEAnQHbiUDwvWq6_VUyExbA_pzQFiBzKRt46mSQRyi5AMCE0KPoyONWj2-AmU22LphM2rpX8xgyyAvszfXoy7VA,AMyo5r3d1O2PG6nyEYum-to_gxuhO6TZda4Y5B0KjXf5qWOybaiq7BId4iHU6n9ktKvwdQ36yGDLjR44FxhA2Y0mew3K-0mqoA,AMyo5r0nhzu3rNOnNXVpUeSxBWFttUU_L1AuGafqgG_rX2nySEQp9HuDL6vftwD3s2KQEry1J5HSlHX_1p2roFLNLgt_AC3aVg,AMyo5r2CpdGIkTWjhrLCSyOgVDqUOnhqWQSk8PtGvce6Tca6trrc3JtEsQQUvhPBOAgnzq9iFccDnVRgZzEIRrkFsJEqP_tC_w,AMyo5r1TE-ZyC6lLmIaNxSDSE-jPEnXwGB8Xmr_c2hmdNm6kl5-KbcS6BR1NqFgMyGeBcRDP2qu2_PsSsYhiBuIPY9OjM1MX5g,AMyo5r0yagt2NXHuhEyFVSjhK7cCsGPihj2RiCGXNtUFB7oBIy4H1EbcZnSCTARyVQmJ3vCaGIN43fnyL3cDndU0-FbFCF7_4A,AMyo5r3pxBeXGPbuEDu-LeO4o_nOJuQLiejdpkxiTO7uxLRmgejatszPu48JJlys_36pZyDRjQ6jxECz86JXeR0rZi9OdnfELA,AMyo5r0mjQxKij-NGA2-Gv2vaRaraXXbo6Yu1xu4ISGUQcxpmOPaDCyaQpbaLELVaRegVQN-yeFR-dWp84itx4x_j12CXzgj6A,AMyo5r2Ok6XKPN-aulEDF6KDbsuaOFC3FkLFhKN4aA9k7ISvViUStAuDUqRvw6TuI2CIZBBU8NkmTlTJsjkaEd1FLi-IWVFvVA",,,,,
bugBoy,AMyo5r3h42IDmkM3UH5roDTMuASDZmZWOAGtZe49lHbN9Q6yNBilKkCA4XKlE1wSIwlD4dfWVKnThfJeXpiF6hr09KGKchQ40Q,,,,"AMyo5r1JGg2V5KLrDY4SjySw4vTcxwyXoVCiSs_49Mpm2TpqpWS-9KR1V8iDaBcNT38BJOurnh_uk46nhlLFLJBhgob0yun8tw,AMyo5r1QarWfNj4jIDKOn8AbcB4OxY9aN3Y_7YJ0e4cRWdHvybxxx_Y3i5Hu8uEqWCrqqGNv4drV-tjhLk-ZlqrS0TlXtEIFAw,AMyo5r3CMPVk6M-2XkAdEXEIHORsys8qFn3CrTeNnv7tC-3k6zJPO9PB0wr0winftPgdLxUx64N6xvoAJcf2NJ8r29k0fIu9BQ,AMyo5r20QXBTRZmU0XY1zFY75JC81_N__qkZ_C663QHprwSX7bHucl2eVAvFuTNcR1q-shg6pV-MgNSOPzM3tJAz7aJYWgzSZA,AMyo5r0xFcpYaV69M3JnhYvoKXbdE45rFma4qCZQsjlLcvI6C53sbU1K4PMogeHDdfBK0erM26VeyHhBHgml08WPX68oMNji4g,AMyo5r1qJ4Tdv9YtZ0XLHYaAvLw_9uco3aUCK0MTOyXvVCgtlyFc7RREAn3TcNogJQAKAlpQ-H9T8E1ST3dUbVVrqfolvS9inw,AMyo5r0jPxBv0B7Qzd4J_QqRSh1QuziPEUBli6kx14pCkrCJbkS8Bi0WRPMm_0Grj4lS8tiyLKkkryCW201RSSmeUcgAVWjYBQ,AMyo5r03S8RukeWpwYvZH3E1uJWN9E8hE4ocqpU0cNNsdqvYcdbE74Q97Ndf3n39RrnC5e9amCVSwAbnNyGBq805Vx-XBK4_YA,AMyo5r3K-nAs5f_K8Ex0CabQ1lFQNidRfKiOjkNvM8vYKwKiTo37Io0uny45p78YOD86Uv-4zCVq8imE_A8Ry_n0a_4XOc8SCg,AMyo5r3kgxqOOmLCEUprkZPN8nbKnYhUM66GM9bUPdEZN-nJtHgwsjqaakkrCRReYyRk4yZ-kJdEL-eitrFVXzs4En1u9eWnGg,AMyo5r20WMM8S8z_ZuuzNI6cDVsR8RLuxwQPRTQAV3pHDz-dofewo512k4amE8hQp3xRI0AV-ea3xAS1ofUDP-Wl1JubsoBJRA,AMyo5r0qEg5ducyXhFVYeK3ndiDfKnhqGWwMnKB5NgjjvjNMYwUW4JhL4qQsrIhGKfMLEhEwNQpriAGzbPeS7IJ2C0OlSgLb6Q,AMyo5r1rA4HNRnunw6A1gIiG0Jdm-Ivpihchicu6gCZY3AzWIOY_3hM3Y9ADhbBSjld1TDaH8RLSzu3NfOqTZOQQffJC2b1iVA","AMyo5r2YgYaA9z4BnYkI7z-b0XJPYRlAEVJVZz3vJzsSESE5gdkspn2ly1dPTTw1lzixQqPGc_fGGsodeK5UdICcj4gWV61mng,AMyo5r0-SHZ2VP0T3fGBcFl3H-fIfKjberOxMkjgBc0LpMo_0Y9ODpWQFSEVmyp1CxqIcoS2hwhAuCt4w3Nb3r4Of00MzQXCaQ,AMyo5r1nvdinVSHaPFusMDnwkGjuUKWbbjy6mCUBF9dWu1UvhzbnYNKyk4UWOys1rlu0-MeKfJ0Ay4ZYAZibKKa0IPFjKLMK9w,AMyo5r1e9oWwNfHE8YfHRFxvib7Nh13BxTBhoyzil4lWcIiI8u4ekcHpoDxasa0nD45W23d45Il3Z8WCoSqiTCfDK1AgTK1vGQ,AMyo5r3ZLKXcbm0u39w4Bt9tyJhfBwl67mkF3yNZ9gjYqLD02HcxKskezN0TPOq2Fk9ixqzuXkvyQiU4WPtVm3qVGut2od1jWw,AMyo5r1XkatL5Ee_m8vX0ei6gfxUclQhjGF3aDt5AUTLVWFhUkwxyrfxOSAQceK5yMVuXPUZ5A5gcqNXE0y4_C9IkW13WXMuFg,AMyo5r3pcq70LdtjMK4WJ5vZAcM0-PlXiHIDS-J0ZLuqcZKj8niSAaQJL3ahrckHhwKC7N8s5BwcR113BJMYZe-ixuG43SRi3g,AMyo5r1Jlc72I4V6rSXLJ43F4zYj3mMzwhZPHkoi0_6crax5IY7PpHzmuRIocLgqIn8S2N0lT-QfFzfXYR-vx1XSfMSlJtBjrQ,AMyo5r3EQMLStY4ykzGlcxWRBqxa15z6skSvGd-6DZRBSGhOyMIhsYkHlgPrUMG_bmETPUnDyWoD-UHK2VP1EiufnTbB_LcMrg,AMyo5r2LmyztKHIvCkTDPP-AuRKVoAIoX5KQY7XTadoDKnUNlw_Cw8kKfTeFKV9xD5AJITJtEvooNccPlZsBDb1xZkXGLyNCXw",,,,,,,AMyo5r2EbvEZHiYqdIBeEUlmkP_gKMNgNEaSFF08qLZ5yJ4MHWUGmKcha8KyVcgmFe1YHoKxfezeuIOhwcx69Gp6UGZCJ1UfLQ,,,,
jiusus,"AMyo5r32prsjzVr521c09ZI79ombw1wIrYvXfHYkZcUayX0RYgZRc-6PhCZDh5UgGoD4qHnt5ZVOp074ysATGAMTihxwFdOCEQ,AMyo5r3HEnoEHQIc6kK7fgYaIbS1AX5AJnyaA0kZNLiKUI4-yErXK7ePjyKZDWyFFz3aehlw1yVy3AfI9XAvMG9HkRMoiY6ePw",,,,,,"AMyo5r0HS-ZhY45715kY6bM4SKzBTRt3M6eWGDjfx9fsTVr3HKrlijlTdt7oM5vgFXrV7Cugvo2hIFlIpAtUmlXZtfOXOFpHAw,AMyo5r1YaHIcQ7HXaysCHIOG5lfa548nOEMa-MFNz90WbrKQ7fPt5d2iRMB5somzRHEZjAl0A99BDegI9Odzl-pQyw9nwEGeIA,AMyo5r3urF0mPNM5k_sObhokYDAFZR5qJIizFKvwoB3MVARjKn07zdPvPZMNqm9LwTfs5-Fam16P76gAIIu6roJ6QgDs8SGWTg",AMyo5r18ORIxlAR7VuclttMxkVmvlaSUER-yaVWFVm3_uVyooNPyPzm2ZeQ8XLgHTwutGrDdFc389qXLfOAEcwn6budPXL8gYQ,,,,"AMyo5r2_RavobTnaUlC9_Auq1q6qaDibhNwQy3dKN13lQ10L9biNorCb33yiUuGF3DQU3OdsShQXy6GfIa30qbKl_8TOmRUeNA,AMyo5r1Ks9Dg57ObGhf-xyGMG0VwybBTa8pCdUNz5KPa-Ymyi9F_CD2_wXUy8jcdVShC6m6mbDEeTjyRlThk0N_opn9SItdK7w",,,AMyo5r3mHxN6iT_8eQS9SLFeOVHwF72iiZGBofpXJLrukASslXCt2jTwFsnCwV2RSAGgS4bk5m2oJZb4qELFt5CA6Hw6_t6LsA,AMyo5r0s6i2lFn6fMztvjeK3gxBmSgjt_jGKyw7p2ZMok5P8iWJaBBu_QPVHEbII4DhrnBISknkyosHTiRNf1HRmfGofNyeY0w,"AMyo5r0-38Fj6fFNkMowYT8JV75--WRjAa-a800s-uSgU91AsNg6Xt5mfDW-tUqeAXO9YmOeCjIUD8t1hP4K9wN8IxIRElFK2Q,AMyo5r24i-ki-8n7nlYysWOjikrlyGeKZNBBYOy5dkAhHP3ZknHmHn_LythgOC_8-VY01GAbjlFX0HDr1ASAVA8JW2p81FJuvA,AMyo5r0QpfuOoiyCZ8WFsJrSgEjPTOKBa5FwCDHdSJKLYOzkgfSVfhqbgdt64JQ3m4lIn60BHNW2VA5JyBcbEwPH_azuC673wQ,AMyo5r2n4ocGh-uMF-UoRUWC2fOtcLV9MYeI42FyvxTdFj-cwCrnxI0cp0kcZzLL3U6jZv8dpUJvljZggrdFbbCbbO1onVZQ4g"
chimu,,"AMyo5r0SPttKjGV0w8B0CpoYtuw6GaVYcNM1VF5bz1oyb0aeILIQv2kf-apSqAWzByc9QGGfPr0c8IWFy1sHJ1HxV7OU6ccjlw,AMyo5r1NFGkpsdTFTaBYOZnP35P0qO77kI05T25o2QzrHgl7AIih47RgDAYhBcyZMoFj-02ouMTfi5lMGIbyicFZwOEVYUiPjg,AMyo5r3Q9qdUxPUnHhlZJckNMPKhhPL0-qrKTAzI7ZzkZ2ij38WnOZEyOZNrDaGX770npVTY6LipRAyJ8hn36xKMTQwhIjadtQ,AMyo5r1yz6oMnGI-pHMhD4aRQYiDqnCK6zJtL_vLZXoIvoqxqLhqmZPiu5KYF4j8go0bPQerhA_I_HPFMLZyJ3zMl76FUVmkug,AMyo5r3jV5r9gjAMGedomtfWYCy-vNPd-_gtJX-kyeLWIlEt6r4ghVdNCgU9Lrk6hYxrbzvIbQ0ntAQz8smI12p223JwkQzPrg",,"AMyo5r0wfaQFEtHFXrNUP68mZq7oXXcF0x69JShYjkWmBvJ8yL7chSVkBWPdN9Sp0-k2SDRGX3WruaIbCQan_31OvW_TCO3bHg,AMyo5r2YWQZi2BbTp4EgC1DVOwckxsAV7UaLITL0TajpQJMkvfbmDHdc6WkHVkwElvTUj1mDvcEkfk3bwnUZIqI8srEFIe52mg,AMyo5r1K2l1OwruROcvOeF9BNA0_-D3lgzZummO3RWBkwbOQEWeUNUlLsSqReln8j6IAvYaKfwYjbDbp84XiviNrAqq5vome8Q,AMyo5r3mnVACKOnMZ4g7yhB-9Zib2Cr6tOz1Uhj_E5swmBdppOTj2GjHforoHRUM0cTkH-vICKV3_xu1Y1jBvxKnbMP_4cceRA,AMyo5r3ROlsGhu-fYcbIEICAw80IxsW2PeewgV05r5xGwf41zb-UouREl-13hO1kFP8cPfqcasXxkr_UJa2w5ldyWpRyHdZ1ZQ","AMyo5r2HdGhRJAqcVU4wsxbmUrXtnuAtigbmGRm1kv3esIZ9Ry7pmHN_bxtWqCH_kEyesgWFEgzAQdJEaTq4VUMKqxjLuinrVg,AMyo5r0SZeZvxk2QtQyfxDprsAW4ywA-8oRaf0dXaFLONes5U8HzSc6wU683DAIpmV0bQ6N92AjYSJ369oQn4krrxdlizkpAfA,AMyo5r2Mcy32kD4Y4HAM2xLi5tm6DuYLBY3qsQT1ciSjzBMUSrv1FtjT3ftiBksUjdQU11p8WnoWz8w2TKg3uxnUqou-BQp1XQ,AMyo5r3mR0OJ28Fyh8gE8pCLOTW-DeGp47LsTMjJMDOtDyPvrgPYSqRDcrQMZAk41ynYzwp5kqOLUZCb8KonPwJsbnzRezX0eA,AMyo5r0pqThPNP-xiaB1C0CwOYBXs10LwmtWXI02WE2Rj-pJJq5f0lr9UzSmqh4hld1KqCjkT_SwEUW3InfPY0oUBuX2PyOjiA","AMyo5r0o3GPTZVF_UdfV63q4jRlytZt70A_TKOZiJHArAptVkzOVsJ7C7dxYIsyN2wuT8wg0eYGxbtnPeIxKyVzSPrGSonWa5A,AMyo5r2Njo8jFhKe89W9AcppLxSBQFms1w4MsvqB6DsvgG8ctVM2SphNXhP9NiiFa5lJQE3E64xqw4nNJMLOYEguXo7Ctekd2g","AMyo5r1Adp65sEao558aeblSBzzKVFWW5JJ9rKZT8dhtJtK9kvojC-SKzOtkDkhoB27fkGSEOYTWpYIaU12SWmNbKogd6kGVEw,AMyo5r1xFHEum7MkNN2KK9oS717evmBI5MhLXk5vwT_qtzjQlETv4_aojtFd0JbM_NMEY5OLc8MHSwLZCB4-X5MeQk__YMPAmQ,AMyo5r0RmVnmeXuUImhnmoNGEeWqEODb8pVcVABDY-m5MgIaR1SE4n1gmX2lmi-anMpJDvNVl8xDl-mS3_vNdV3a-jV23nVxCQ","AMyo5r3tMyLLz94dnVVINKURjLz0d_XHsG18vzRlxqh6nuWtIaBLxUMqkoZ7uRoYoQrvAafG6UuaMQTgP46C6ePEtn0gbtNSSw,AMyo5r2ohpfIwvh1BCozuZ058sgX1_P5jAGGI3N2b4bhO8i76tiES2sKaXwRciuj0yRiOQ6bIlO8V4KnkWEKsDDuwMPidb4TKg,AMyo5r10LMbk-qtmwCAzHj4I82F6MHEtSrn99TXXm5ok11PnJho7XqtkZ6eDZxOhJtlh3s7_8926513rhELEZz6sZPYeajru0g",AMyo5r28iEPyjfDe7HeMdIvNSNCbl3_DlN7bL_1RP_xZe2F0mHP9LemMGowjIoaIhWmvuq-YjiAe_9Y6wDWT_TPS-1ZW7vC7Bg,,,,"AMyo5r10LMbk-qtmwCAzHj4I82F6MHEtSrn99TXXm5ok11PnJho7XqtkZ6eDZxOhJtlh3s7_8926513rhELEZz6sZPYeajru0g,AMyo5r2ohpfIwvh1BCozuZ058sgX1_P5jAGGI3N2b4bhO8i76tiES2sKaXwRciuj0yRiOQ6bIlO8V4KnkWEKsDDuwMPidb4TKg",,AMyo5r1vbLdwiYJLGrns78gBIjUo-2FLkmiZ34U5SmR-d7sbh41w1dpwe3gXHvGC7CKk8Wa6qBg6Pc9ejCvYTnqPvsotOMbjQg,,
shirleyWhirley,"AMyo5r2KXxIolDLWgcTgFg0rUiD6yFQjE55BoUfxJ04vpgeEmq3GFtBDxi61BvjYIpGfbCh2cFhC-WkIdWbZn1fKv4vXR6EEDw,AMyo5r2WptEZSe3mJpXSB_qozVR8lwaxv0GTIljre82OEm81jtSzi4JX7wxxztnbD0mFqaZdmN9dymk2zo5b4vqbw1tcQPdPeQ,AMyo5r2WjJtBoFPy0UOyQBKghfXBK4o1OlCXus8ua7LYPvKYfdgH9ouDHa8ES4UUhGz49R0glQbR_LXO0yV-Og_VbuXtSBRN3g,AMyo5r0Dk8kwzNw3ORyD0QDa122ELTqw3xYCcEtgPyg0seiCwQEOFvYPlCCynzjSXwqcpK0_mm1z_2XHf3TXkoorzBHrJzKTrw","AMyo5r0Y5NGo9iJqNnRIBLc4931Oy7HGJT556GZINtHht1aDPad1nz_rKyAIdnggxK0K3feZ6mr1kWF2JRcwjgj12XjbonwK7A,AMyo5r2GYvjsZ-dRMlqYPp3aX9cohZjyb4kGNBHShEYoWiUiVoW11aNk4wPAtPQowKMEfPmZjVVEUhaisZdT9HFmOZrkfHuf9A,AMyo5r339sOPSJYcB5BElPoDnuJMLIk4INbWlhnv8L3AL2-MHCniAKlW45t5loBTq-KoE0Pcj-lAxQ9LPirPKGIsncTbeSPwUA,AMyo5r1xIBz_5DmQ3EruuY3b9GeMaxXd_YC3Wue4hlAL8piKFQWyC7_7L6ih12-_jjZlw-fqaAT4AxmY1V9cTKk8sdZ7bbZwOA",AMyo5r0rSQ2kxFMEA_cYJd18jYhNuHOFx9BGp-XTZt2TpBpo99pthL-rFjavNadPdkUafuqGhVkiKCtosV3JMGOwgGcpD9l3Bg,,,,"AMyo5r2A30PDoqvsQfYKJ59h8MAcbiRniDTkIbskvArN-9hyJ4LFR9WVccss_FpkBGx-0oCfim9jakbXLSS2EQbVbtzuRxjZMw,AMyo5r1xlxKIL2FZREoJmarF57yIhxOVjbWECq7p5XUknvM1VRG5_-IDDUDBSvHtCTAFqK1WSkon1vZVX9Q2YVEojf515HD8ug,AMyo5r2KU3TNGMxPf-Hl0PMgpBCNSkYq2B6GdeSRFnQK-iGe0rv8EUtd-wXbBsUiGguEXXvgGC9NDXeSKVg24PUQe8q8UoWCmw,AMyo5r3nROLw7ZqUEDgYqFsughyWTneVaf79HLyhxCzmlHT9Bk-IaQyrV5Bh__3u5WxxDWFr-rNeFv83bCjgWT-OxYZ3Ez1EIw","AMyo5r23ONwYXP672G-TT8JlQp3SwMWoMtnEUmBcNM9Se_ily9VZyr407ERN50pGrjPgR8Jtajyqkw0CxwjHYS7VeeWRtvCrVg,AMyo5r3-vz01LiSkFz8r-jHv1E_04T7gQZ9elxuYZjUMqbXuGcBpKOgNEb-wzTMjKvwa_dOKnQbO8SZGiy3eNOcmIKbsClwy8Q,AMyo5r0y5fY9-sTOsKYem8tRed4ehrQS6yaQRrrtxUeuVQQ5DmGtxxF2g22feH81bz9uvHen0UggssNQHKMW9wWwyn2qM7m8pg,AMyo5r1THhtIL1M2ioiMBDm896aE-p-HtI7xt3sfE3QbVGlEkjC21Cj5xawf1V2lwxy0w3hPAtgzEBQYhtb2UOEbzqxjwGTjcA",,"AMyo5r1cSZvXuuuXzIsG5uyO934QNL1y49LD80hJeAYjL220ilwXja6__x5HTK13HpsYTIznewtKposuFBGrTo3Pd9ncFCRHTQ,AMyo5r23ONwYXP672G-TT8JlQp3SwMWoMtnEUmBcNM9Se_ily9VZyr407ERN50pGrjPgR8Jtajyqkw0CxwjHYS7VeeWRtvCrVg,AMyo5r38An0PJ6qYdjTai3OMuLzmtUlVWnVsEkwa1WenrSk8BvLQImzU32J6pqoKa2JpjLHiJp-EgH2qRy3ht-5_xc0eswr9nQ",,AMyo5r2YBXHDSKIfWbONxOFORLo5CVbbLeaR4J9sfQl-JT-mRzQ7nC5alz4LX0Kg3BiROHHmkzQbe9gFw1nvR-m6IMeVrPBRMQ,"AMyo5r3WZqQ7dRGayBr8o4TfnoomiSeLO-lHL_UGqgwvKw0ougvLZbE2g0QRuU-18-14E8uZkJeSPfcIilTdgw1UVnLyDNQBqg,AMyo5r0C9wy3kJ3AU4jEqK73SACaqY5VAsSS323KNpfg-1zhKF3xIYbikFz1DoUtU63POEnHCsveyG9qW-Fw_ZPwWh7sMd8tNQ,AMyo5r21y3Ic9EeiEoCSUFWNGYiFbF1IZDQHQ6sr7fnHL8YjYE2MoJM58grZopIRFigAPxgX02H4SPuwW3wQJFJaZmBtkhjmzg,AMyo5r2c4drgA5rH8lT3mDhoEP0XwDRjhc6bHA243x9qDNFdXDHIbOAKNxBK3PVheA4xocxhKmiTln5hfkfMTPrsMcIuOoL4uQ,AMyo5r03x-msCXW0PWjSX3rCHGkMOemkIYyB8CYv7nJ2tSOHdvR4iOpTT30y8LKBGgemKE6BKgjgLdqSk6NaG1W5ne9Aec_6QA",,,,
yuppie,,,,,,,AMyo5r1t1Ez8JIjQahYi0UKXlTjUMIvMX2B6S5WQSd-lqUF5EMw1pFQ_vq7mjcoewYPFqLmGPO1BJ0fyzUHNBMPyLl0KdXZAuQ,,,,,,,,,,
dumbestKid,,,,,,,,,,,,,,,,,
emily,,,,,,,,,,,,,,,,,
other,,,,,,,,,,,,,,,,,
